"","participant.code","cityname","role","group.S_transfer","group.S_self_part","group.S_prediction","group.R_prediction","group.R_min_offer","round","group.pie_size","group.unit_value_for_S","group.unit_value_for_R","treat","treatmp","player.age","player.gender","player.riskat","player.income"
"2","0orwdijp","S",1,48,52,40,0,50,6,100,1,1,"Sender_SamMos","SamMos",20,0,2,5
"3","0orwdijp","S",1,30,30,30,0,30,3,60,1,1,"Sender_SamMos","SamMos",20,0,2,5
"4","0orwdijp","S",1,65,35,60,28,80,4,100,3,1,"Sender_SamMos","SamMos",20,0,2,5
"5","0orwdijp","S",1,0,0,5,10,17,1,100,1,3,"Sender_SamMos","SamMos",20,0,2,5
"6","0orwdijp","S",1,17,43,20,0,45,2,60,3,1,"Sender_SamMos","SamMos",20,0,2,5
"7","0orwdijp","S",1,9,51,7,0,15,5,60,1,3,"Sender_SamMos","SamMos",20,0,2,5
"8","0r164aam","S",1,75,25,50,60,50,4,100,3,1,"Sender_SamSam","SamSam",21,1,3,4
"9","0r164aam","S",1,45,15,30,25,30,1,60,3,1,"Sender_SamSam","SamSam",21,1,3,4
"10","0r164aam","S",1,25,75,20,30,15,5,100,1,3,"Sender_SamSam","SamSam",21,1,3,4
"11","0r164aam","S",1,30,30,20,20,20,3,60,1,1,"Sender_SamSam","SamSam",21,1,3,4
"12","0r164aam","S",1,15,45,30,15,10,6,60,1,3,"Sender_SamSam","SamSam",21,1,3,4
"13","0r164aam","S",1,50,50,50,50,35,2,100,1,1,"Sender_SamSam","SamSam",21,1,3,4
"14","0ssjdtcl","M",2,50,50,50,40,10,3,100,1,1,"Receiver_TomMos","TomMos",NA,NA,NA,NA
"15","0ssjdtcl","M",2,70,30,70,33,8,4,100,3,1,"Receiver_TomMos","TomMos",NA,NA,NA,NA
"16","0ssjdtcl","M",2,20,40,40,10,8,1,60,3,1,"Receiver_TomMos","TomMos",NA,NA,NA,NA
"17","0ssjdtcl","M",2,30,30,30,30,10,6,60,1,1,"Receiver_TomMos","TomMos",NA,NA,NA,NA
"18","0ssjdtcl","M",2,30,70,30,20,10,2,100,1,3,"Receiver_TomMos","TomMos",NA,NA,NA,NA
"19","0ssjdtcl","M",2,20,40,20,20,8,5,60,1,3,"Receiver_TomMos","TomMos",NA,NA,NA,NA
"24","1huz5lgl","T",1,45,55,50,50,50,1,100,1,3,"Sender_TomTom","TomTom",NA,NA,NA,NA
"25","1huz5lgl","T",1,25,35,30,30,36,2,60,1,3,"Sender_TomTom","TomTom",NA,NA,NA,NA
"26","1huz5lgl","T",1,30,30,35,40,30,3,60,3,1,"Sender_TomTom","TomTom",NA,NA,NA,NA
"27","1huz5lgl","T",1,55,45,50,50,40,4,100,3,1,"Sender_TomTom","TomTom",NA,NA,NA,NA
"28","1huz5lgl","T",1,35,25,40,30,30,5,60,1,1,"Sender_TomTom","TomTom",NA,NA,NA,NA
"29","1huz5lgl","T",1,45,55,60,50,50,6,100,1,1,"Sender_TomTom","TomTom",NA,NA,NA,NA
"30","1iagmll6","S",1,40,20,20,10,15,2,60,3,1,"Sender_SamMos","SamMos",21,1,4,3
"31","1iagmll6","S",1,20,40,18,35,45,5,60,1,3,"Sender_SamMos","SamMos",21,1,4,3
"32","1iagmll6","S",1,70,30,80,20,25,4,100,3,1,"Sender_SamMos","SamMos",21,1,4,3
"33","1iagmll6","S",1,60,40,55,40,50,6,100,1,1,"Sender_SamMos","SamMos",21,1,4,3
"34","1iagmll6","S",1,30,30,30,20,30,3,60,1,1,"Sender_SamMos","SamMos",21,1,4,3
"35","1iagmll6","S",1,0,0,40,60,70,1,100,1,3,"Sender_SamMos","SamMos",21,1,4,3
"38","28wmdry5","T",1,60,40,50,60,40,4,100,3,1,"Sender_TomMos","TomMos",23,1,1,4
"39","28wmdry5","T",1,50,50,50,40,30,3,100,1,1,"Sender_TomMos","TomMos",23,1,1,4
"40","28wmdry5","T",1,30,30,30,20,15,6,60,1,1,"Sender_TomMos","TomMos",23,1,1,4
"41","28wmdry5","T",1,30,30,30,20,20,1,60,3,1,"Sender_TomMos","TomMos",23,1,1,4
"42","28wmdry5","T",1,20,40,25,25,15,5,60,1,3,"Sender_TomMos","TomMos",23,1,1,4
"43","28wmdry5","T",1,50,50,50,20,20,2,100,1,3,"Sender_TomMos","TomMos",23,1,1,4
"44","2decaz3m","T",1,50,50,50,50,40,3,100,1,1,"Sender_TomSam","TomSam",20,0,2,5
"45","2decaz3m","T",1,75,25,75,25,35,1,100,3,1,"Sender_TomSam","TomSam",20,0,2,5
"46","2decaz3m","T",1,15,45,15,25,30,4,60,1,3,"Sender_TomSam","TomSam",20,0,2,5
"47","2decaz3m","T",1,30,30,30,35,20,6,60,1,1,"Sender_TomSam","TomSam",20,0,2,5
"48","2decaz3m","T",1,45,15,45,30,25,5,60,3,1,"Sender_TomSam","TomSam",20,0,2,5
"49","2decaz3m","T",1,25,75,25,40,50,2,100,1,3,"Sender_TomSam","TomSam",20,0,2,5
"50","2jgeta0c","T",2,23,77,20,25,25,1,100,1,3,"Receiver_TomTom","TomTom",NA,NA,NA,NA
"51","2jgeta0c","T",2,15,45,15,15,15,2,60,1,3,"Receiver_TomTom","TomTom",NA,NA,NA,NA
"52","2jgeta0c","T",2,42,18,40,45,45,3,60,3,1,"Receiver_TomTom","TomTom",NA,NA,NA,NA
"53","2jgeta0c","T",2,65,35,60,75,75,4,100,3,1,"Receiver_TomTom","TomTom",NA,NA,NA,NA
"54","2jgeta0c","T",2,27,33,25,30,30,5,60,1,1,"Receiver_TomTom","TomTom",NA,NA,NA,NA
"55","2jgeta0c","T",2,45,55,40,50,50,6,100,1,1,"Receiver_TomTom","TomTom",NA,NA,NA,NA
"56","2oqveuo8","S",2,30,30,30,35,20,6,60,1,1,"Receiver_TomSam","TomSam",20,0,2,4
"57","2oqveuo8","S",2,15,45,15,25,30,4,60,1,3,"Receiver_TomSam","TomSam",20,0,2,4
"58","2oqveuo8","S",2,75,25,75,25,35,1,100,3,1,"Receiver_TomSam","TomSam",20,0,2,4
"59","2oqveuo8","S",2,50,50,50,50,40,3,100,1,1,"Receiver_TomSam","TomSam",20,0,2,4
"60","2oqveuo8","S",2,25,75,25,40,50,2,100,1,3,"Receiver_TomSam","TomSam",20,0,2,4
"61","2oqveuo8","S",2,45,15,45,30,25,5,60,3,1,"Receiver_TomSam","TomSam",20,0,2,4
"63","2xwu5ku6","T",1,75,25,75,75,75,4,100,3,1,"Sender_TomMos","TomMos",NA,NA,NA,NA
"64","2xwu5ku6","T",1,15,45,15,15,15,5,60,1,3,"Sender_TomMos","TomMos",NA,NA,NA,NA
"65","2xwu5ku6","T",1,40,20,45,45,30,1,60,3,1,"Sender_TomMos","TomMos",NA,NA,NA,NA
"66","2xwu5ku6","T",1,30,30,30,30,30,6,60,1,1,"Sender_TomMos","TomMos",NA,NA,NA,NA
"67","2xwu5ku6","T",1,25,75,25,25,20,2,100,1,3,"Sender_TomMos","TomMos",NA,NA,NA,NA
"68","2xwu5ku6","T",1,50,50,50,50,50,3,100,1,1,"Sender_TomMos","TomMos",NA,NA,NA,NA
"69","2yi6zo7y","M",2,50,50,50,10,1,3,100,1,1,"Receiver_TomMos","TomMos",20,0,4,4
"70","2yi6zo7y","M",2,25,75,45,20,3,2,100,1,3,"Receiver_TomMos","TomMos",20,0,4,4
"71","2yi6zo7y","M",2,45,15,30,4,2,1,60,3,1,"Receiver_TomMos","TomMos",20,0,4,4
"72","2yi6zo7y","M",2,30,30,30,7,0,6,60,1,1,"Receiver_TomMos","TomMos",20,0,4,4
"73","2yi6zo7y","M",2,75,25,50,6,0,4,100,3,1,"Receiver_TomMos","TomMos",20,0,4,4
"74","2yi6zo7y","M",2,15,45,15,12,2,5,60,1,3,"Receiver_TomMos","TomMos",20,0,4,4
"76","39t70wjv","M",1,25,35,20,10,30,1,60,1,1,"Sender_MosMos","MosMos",NA,NA,NA,NA
"77","39t70wjv","M",1,30,30,10,0,5,2,60,1,3,"Sender_MosMos","MosMos",NA,NA,NA,NA
"78","39t70wjv","M",1,35,65,30,69,47,3,100,1,1,"Sender_MosMos","MosMos",NA,NA,NA,NA
"79","39t70wjv","M",1,50,50,20,0,40,4,100,1,3,"Sender_MosMos","MosMos",NA,NA,NA,NA
"80","39t70wjv","M",1,60,40,40,0,4,5,100,3,1,"Sender_MosMos","MosMos",NA,NA,NA,NA
"81","39t70wjv","M",1,25,35,30,0,5,6,60,3,1,"Sender_MosMos","MosMos",NA,NA,NA,NA
"82","39wedhuz","T",1,22,78,18,20,25,1,100,1,3,"Sender_TomTom","TomTom",NA,NA,NA,NA
"83","39wedhuz","T",1,15,45,12,13,15,2,60,1,3,"Sender_TomTom","TomTom",NA,NA,NA,NA
"84","39wedhuz","T",1,43,17,35,28,45,3,60,3,1,"Sender_TomTom","TomTom",NA,NA,NA,NA
"85","39wedhuz","T",1,70,30,72,50,75,4,100,3,1,"Sender_TomTom","TomTom",NA,NA,NA,NA
"86","39wedhuz","T",1,28,32,25,25,30,5,60,1,1,"Sender_TomTom","TomTom",NA,NA,NA,NA
"87","39wedhuz","T",1,43,57,45,45,50,6,100,1,1,"Sender_TomTom","TomTom",NA,NA,NA,NA
"88","3ikiotvy","M",2,40,20,60,40,30,5,60,1,3,"Receiver_SamMos","SamMos",21,0,2,4
"89","3ikiotvy","M",2,80,20,50,30,20,4,100,3,1,"Receiver_SamMos","SamMos",21,0,2,4
"90","3ikiotvy","M",2,50,10,30,20,15,2,60,3,1,"Receiver_SamMos","SamMos",21,0,2,4
"91","3ikiotvy","M",2,50,50,50,50,40,6,100,1,1,"Receiver_SamMos","SamMos",21,0,2,4
"92","3ikiotvy","M",2,0,0,40,66,33,1,100,1,3,"Receiver_SamMos","SamMos",21,0,2,4
"93","3ikiotvy","M",2,60,0,30,30,20,3,60,1,1,"Receiver_SamMos","SamMos",21,0,2,4
"95","4ccq6t8f","M",2,0,60,30,30,60,3,60,1,1,"Receiver_SamMos","SamMos",23,0,2,3
"96","4ccq6t8f","M",2,0,60,30,0,60,5,60,1,3,"Receiver_SamMos","SamMos",23,0,2,3
"97","4ccq6t8f","M",2,20,80,60,10,50,1,100,1,3,"Receiver_SamMos","SamMos",23,0,2,3
"98","4ccq6t8f","M",2,20,40,40,0,30,2,60,3,1,"Receiver_SamMos","SamMos",23,0,2,3
"99","4ccq6t8f","M",2,10,90,80,0,100,4,100,3,1,"Receiver_SamMos","SamMos",23,0,2,3
"100","4ccq6t8f","M",2,0,100,50,50,100,6,100,1,1,"Receiver_SamMos","SamMos",23,0,2,3
"102","4ottvyro","M",2,0,60,30,10,1,1,60,1,1,"Receiver_MosMos","MosMos",NA,NA,NA,NA
"103","4ottvyro","M",2,0,60,20,5,1,2,60,1,3,"Receiver_MosMos","MosMos",NA,NA,NA,NA
"104","4ottvyro","M",2,0,100,50,10,5,3,100,1,1,"Receiver_MosMos","MosMos",NA,NA,NA,NA
"105","4ottvyro","M",2,0,100,40,1,1,4,100,1,3,"Receiver_MosMos","MosMos",NA,NA,NA,NA
"106","4ottvyro","M",2,0,100,50,1,1,5,100,3,1,"Receiver_MosMos","MosMos",NA,NA,NA,NA
"107","4ottvyro","M",2,0,60,30,1,1,6,60,3,1,"Receiver_MosMos","MosMos",NA,NA,NA,NA
"108","4p1o66yk","T",1,50,50,50,20,50,3,100,1,1,"Sender_TomMos","TomMos",NA,NA,NA,NA
"109","4p1o66yk","T",1,0,60,0,10,10,1,60,3,1,"Sender_TomMos","TomMos",NA,NA,NA,NA
"110","4p1o66yk","T",1,10,90,10,5,60,4,100,3,1,"Sender_TomMos","TomMos",NA,NA,NA,NA
"111","4p1o66yk","T",1,90,10,50,10,20,2,100,1,3,"Sender_TomMos","TomMos",NA,NA,NA,NA
"112","4p1o66yk","T",1,50,10,30,0,10,5,60,1,3,"Sender_TomMos","TomMos",NA,NA,NA,NA
"113","4p1o66yk","T",1,30,30,30,0,30,6,60,1,1,"Sender_TomMos","TomMos",NA,NA,NA,NA
"114","4xf52uuk","M",2,0,60,30,7,30,1,60,1,1,"Receiver_MosMos","MosMos",NA,NA,NA,NA
"115","4xf52uuk","M",2,0,60,15,8,20,2,60,1,3,"Receiver_MosMos","MosMos",NA,NA,NA,NA
"116","4xf52uuk","M",2,0,100,50,15,35,3,100,1,1,"Receiver_MosMos","MosMos",NA,NA,NA,NA
"117","4xf52uuk","M",2,0,100,25,14,30,4,100,1,3,"Receiver_MosMos","MosMos",NA,NA,NA,NA
"118","4xf52uuk","M",2,0,100,75,5,23,5,100,3,1,"Receiver_MosMos","MosMos",NA,NA,NA,NA
"119","4xf52uuk","M",2,0,60,45,5,18,6,60,3,1,"Receiver_MosMos","MosMos",NA,NA,NA,NA
"122","5n9lhjjk","S",2,50,10,45,60,60,5,60,3,1,"Receiver_TomSam","TomSam",21,1,1,1
"123","5n9lhjjk","S",2,50,50,75,50,50,1,100,3,1,"Receiver_TomSam","TomSam",21,1,1,1
"124","5n9lhjjk","S",2,15,45,15,60,60,4,60,1,3,"Receiver_TomSam","TomSam",21,1,1,1
"125","5n9lhjjk","S",2,50,50,50,80,80,3,100,1,1,"Receiver_TomSam","TomSam",21,1,1,1
"126","5n9lhjjk","S",2,30,30,30,60,60,6,60,1,1,"Receiver_TomSam","TomSam",21,1,1,1
"127","5n9lhjjk","S",2,25,75,25,50,50,2,100,1,3,"Receiver_TomSam","TomSam",21,1,1,1
"128","5rukc6nf","M",1,30,30,27,0,0,1,60,1,1,"Sender_MosMos","MosMos",NA,NA,NA,NA
"129","5rukc6nf","M",1,16,44,15,0,0,2,60,1,3,"Sender_MosMos","MosMos",NA,NA,NA,NA
"130","5rukc6nf","M",1,50,50,45,50,0,3,100,1,1,"Sender_MosMos","MosMos",NA,NA,NA,NA
"131","5rukc6nf","M",1,25,75,20,50,0,4,100,1,3,"Sender_MosMos","MosMos",NA,NA,NA,NA
"132","5rukc6nf","M",1,75,25,68,0,0,5,100,3,1,"Sender_MosMos","MosMos",NA,NA,NA,NA
"133","5rukc6nf","M",1,45,15,40,50,0,6,60,3,1,"Sender_MosMos","MosMos",NA,NA,NA,NA
"134","5s30w7zk","S",2,0,60,30,25,18,6,60,1,1,"Receiver_TomSam","TomSam",21,0,4,2
"135","5s30w7zk","S",2,0,100,50,50,30,3,100,1,1,"Receiver_TomSam","TomSam",21,0,4,2
"136","5s30w7zk","S",2,0,60,30,20,10,5,60,3,1,"Receiver_TomSam","TomSam",21,0,4,2
"137","5s30w7zk","S",2,0,60,20,35,15,4,60,1,3,"Receiver_TomSam","TomSam",21,0,4,2
"138","5s30w7zk","S",2,0,100,40,70,20,2,100,1,3,"Receiver_TomSam","TomSam",21,0,4,2
"139","5s30w7zk","S",2,0,100,50,50,25,1,100,3,1,"Receiver_TomSam","TomSam",21,0,4,2
"140","5uhwpa28","T",1,20,80,24,60,30,2,100,1,3,"Sender_TomSam","TomSam",19,0,3,4
"141","5uhwpa28","T",1,30,70,50,50,15,3,100,1,1,"Sender_TomSam","TomSam",19,0,3,4
"142","5uhwpa28","T",1,10,50,25,50,30,5,60,3,1,"Sender_TomSam","TomSam",19,0,3,4
"143","5uhwpa28","T",1,10,50,25,30,20,6,60,1,1,"Sender_TomSam","TomSam",19,0,3,4
"144","5uhwpa28","T",1,10,50,15,30,10,4,60,1,3,"Sender_TomSam","TomSam",19,0,3,4
"145","5uhwpa28","T",1,15,85,30,60,20,1,100,3,1,"Sender_TomSam","TomSam",19,0,3,4
"147","65lqlbgx","T",1,0,60,50,10,15,4,60,1,3,"Sender_TomSam","TomSam",20,0,3,3
"148","65lqlbgx","T",1,0,100,25,30,27,2,100,1,3,"Sender_TomSam","TomSam",20,0,3,3
"149","65lqlbgx","T",1,0,60,30,30,27,6,60,1,1,"Sender_TomSam","TomSam",20,0,3,3
"150","65lqlbgx","T",1,0,100,50,45,50,3,100,1,1,"Sender_TomSam","TomSam",20,0,3,3
"151","65lqlbgx","T",1,0,60,30,40,47,5,60,3,1,"Sender_TomSam","TomSam",20,0,3,3
"152","65lqlbgx","T",1,0,100,50,70,75,1,100,3,1,"Sender_TomSam","TomSam",20,0,3,3
"153","65r4vhgy","T",1,40,20,40,40,40,5,60,3,1,"Sender_TomSam","TomSam",23,0,4,4
"154","65r4vhgy","T",1,10,50,20,30,20,4,60,1,3,"Sender_TomSam","TomSam",23,0,4,4
"155","65r4vhgy","T",1,40,60,50,20,20,3,100,1,1,"Sender_TomSam","TomSam",23,0,4,4
"156","65r4vhgy","T",1,30,30,30,30,30,6,60,1,1,"Sender_TomSam","TomSam",23,0,4,4
"157","65r4vhgy","T",1,60,40,50,50,30,1,100,3,1,"Sender_TomSam","TomSam",23,0,4,4
"158","65r4vhgy","T",1,20,80,30,40,40,2,100,1,3,"Sender_TomSam","TomSam",23,0,4,4
"161","740z62zw","S",1,0,100,50,25,20,5,100,1,3,"Sender_SamSam","SamSam",20,0,1,4
"162","740z62zw","S",1,0,60,30,45,30,1,60,3,1,"Sender_SamSam","SamSam",20,0,1,4
"163","740z62zw","S",1,0,100,50,75,70,4,100,3,1,"Sender_SamSam","SamSam",20,0,1,4
"164","740z62zw","S",1,0,100,50,50,40,2,100,1,1,"Sender_SamSam","SamSam",20,0,1,4
"165","740z62zw","S",1,0,60,30,15,10,6,60,1,3,"Sender_SamSam","SamSam",20,0,1,4
"166","740z62zw","S",1,0,60,30,30,25,3,60,1,1,"Sender_SamSam","SamSam",20,0,1,4
"167","77u73nme","T",1,23,77,20,25,25,1,100,1,3,"Sender_TomTom","TomTom",NA,NA,NA,NA
"168","77u73nme","T",1,15,45,15,15,15,2,60,1,3,"Sender_TomTom","TomTom",NA,NA,NA,NA
"169","77u73nme","T",1,42,18,40,45,45,3,60,3,1,"Sender_TomTom","TomTom",NA,NA,NA,NA
"170","77u73nme","T",1,65,35,60,75,75,4,100,3,1,"Sender_TomTom","TomTom",NA,NA,NA,NA
"171","77u73nme","T",1,27,33,25,30,30,5,60,1,1,"Sender_TomTom","TomTom",NA,NA,NA,NA
"172","77u73nme","T",1,45,55,40,50,50,6,100,1,1,"Sender_TomTom","TomTom",NA,NA,NA,NA
"173","7e7qq55c","S",2,7,93,10,40,25,2,100,1,3,"Receiver_TomSam","TomSam",20,0,2,4
"174","7e7qq55c","S",2,40,60,35,50,40,3,100,1,1,"Receiver_TomSam","TomSam",20,0,2,4
"175","7e7qq55c","S",2,30,30,30,40,30,5,60,3,1,"Receiver_TomSam","TomSam",20,0,2,4
"176","7e7qq55c","S",2,20,80,40,60,50,1,100,3,1,"Receiver_TomSam","TomSam",20,0,2,4
"177","7e7qq55c","S",2,25,35,20,15,10,4,60,1,3,"Receiver_TomSam","TomSam",20,0,2,4
"178","7e7qq55c","S",2,20,40,20,30,20,6,60,1,1,"Receiver_TomSam","TomSam",20,0,2,4
"179","7gzmcjzc","T",2,45,55,50,50,50,1,100,1,3,"Receiver_TomTom","TomTom",NA,NA,NA,NA
"180","7gzmcjzc","T",2,25,35,30,30,36,2,60,1,3,"Receiver_TomTom","TomTom",NA,NA,NA,NA
"181","7gzmcjzc","T",2,30,30,35,40,30,3,60,3,1,"Receiver_TomTom","TomTom",NA,NA,NA,NA
"182","7gzmcjzc","T",2,55,45,50,50,40,4,100,3,1,"Receiver_TomTom","TomTom",NA,NA,NA,NA
"183","7gzmcjzc","T",2,35,25,40,30,30,5,60,1,1,"Receiver_TomTom","TomTom",NA,NA,NA,NA
"184","7gzmcjzc","T",2,45,55,60,50,50,6,100,1,1,"Receiver_TomTom","TomTom",NA,NA,NA,NA
"186","7mbfzur1","S",2,10,50,15,30,10,4,60,1,3,"Receiver_TomSam","TomSam",19,1,2,3
"187","7mbfzur1","S",2,15,85,30,60,20,1,100,3,1,"Receiver_TomSam","TomSam",19,1,2,3
"188","7mbfzur1","S",2,10,50,25,30,20,6,60,1,1,"Receiver_TomSam","TomSam",19,1,2,3
"189","7mbfzur1","S",2,30,70,50,50,15,3,100,1,1,"Receiver_TomSam","TomSam",19,1,2,3
"190","7mbfzur1","S",2,10,50,25,50,30,5,60,3,1,"Receiver_TomSam","TomSam",19,1,2,3
"191","7mbfzur1","S",2,20,80,24,60,30,2,100,1,3,"Receiver_TomSam","TomSam",19,1,2,3
"194","7rsx7p2s","S",2,0,60,20,45,30,5,60,3,1,"Receiver_TomSam","TomSam",21,0,2,5
"195","7rsx7p2s","S",2,0,60,20,30,30,6,60,1,1,"Receiver_TomSam","TomSam",21,0,2,5
"196","7rsx7p2s","S",2,0,60,20,20,20,4,60,1,3,"Receiver_TomSam","TomSam",21,0,2,5
"197","7rsx7p2s","S",2,0,100,20,50,30,3,100,1,1,"Receiver_TomSam","TomSam",21,0,2,5
"198","7rsx7p2s","S",2,0,100,20,30,25,1,100,3,1,"Receiver_TomSam","TomSam",21,0,2,5
"199","7rsx7p2s","S",2,0,100,20,10,10,2,100,1,3,"Receiver_TomSam","TomSam",21,0,2,5
"203","81nqknrs","S",1,75,25,75,60,40,4,100,3,1,"Sender_SamMos","SamMos",20,0,3,5
"204","81nqknrs","S",1,45,15,45,30,30,2,60,3,1,"Sender_SamMos","SamMos",20,0,3,5
"205","81nqknrs","S",1,15,45,15,15,15,5,60,1,3,"Sender_SamMos","SamMos",20,0,3,5
"206","81nqknrs","S",1,30,30,30,30,30,3,60,1,1,"Sender_SamMos","SamMos",20,0,3,5
"207","81nqknrs","S",1,50,50,50,40,40,6,100,1,1,"Sender_SamMos","SamMos",20,0,3,5
"208","81nqknrs","S",1,0,0,25,20,20,1,100,1,3,"Sender_SamMos","SamMos",20,0,3,5
"209","84i0732m","M",2,10,90,10,5,60,4,100,3,1,"Receiver_TomMos","TomMos",NA,NA,NA,NA
"210","84i0732m","M",2,50,50,50,20,50,3,100,1,1,"Receiver_TomMos","TomMos",NA,NA,NA,NA
"211","84i0732m","M",2,0,60,0,10,10,1,60,3,1,"Receiver_TomMos","TomMos",NA,NA,NA,NA
"212","84i0732m","M",2,90,10,50,10,20,2,100,1,3,"Receiver_TomMos","TomMos",NA,NA,NA,NA
"213","84i0732m","M",2,30,30,30,0,30,6,60,1,1,"Receiver_TomMos","TomMos",NA,NA,NA,NA
"214","84i0732m","M",2,50,10,30,0,10,5,60,1,3,"Receiver_TomMos","TomMos",NA,NA,NA,NA
"215","8iikh5v4","T",1,25,75,30,1,4,1,100,1,3,"Sender_TomTom","TomTom",NA,NA,NA,NA
"216","8iikh5v4","T",1,10,50,15,1,3,2,60,1,3,"Sender_TomTom","TomTom",NA,NA,NA,NA
"217","8iikh5v4","T",1,40,20,30,0,5,3,60,3,1,"Sender_TomTom","TomTom",NA,NA,NA,NA
"218","8iikh5v4","T",1,50,50,60,1,4,4,100,3,1,"Sender_TomTom","TomTom",NA,NA,NA,NA
"219","8iikh5v4","T",1,30,30,30,4,2,5,60,1,1,"Sender_TomTom","TomTom",NA,NA,NA,NA
"220","8iikh5v4","T",1,50,50,50,1,4,6,100,1,1,"Sender_TomTom","TomTom",NA,NA,NA,NA
"222","8s5bz8do","T",1,50,50,25,30,35,1,100,1,3,"Sender_TomTom","TomTom",NA,NA,NA,NA
"223","8s5bz8do","T",1,30,30,15,20,20,2,60,1,3,"Sender_TomTom","TomTom",NA,NA,NA,NA
"224","8s5bz8do","T",1,30,30,15,40,45,3,60,3,1,"Sender_TomTom","TomTom",NA,NA,NA,NA
"225","8s5bz8do","T",1,50,50,25,45,50,4,100,3,1,"Sender_TomTom","TomTom",NA,NA,NA,NA
"226","8s5bz8do","T",1,30,30,30,30,25,5,60,1,1,"Sender_TomTom","TomTom",NA,NA,NA,NA
"227","8s5bz8do","T",1,50,50,50,45,45,6,100,1,1,"Sender_TomTom","TomTom",NA,NA,NA,NA
"230","8yd2q366","T",1,15,45,15,30,20,4,60,1,3,"Sender_TomSam","TomSam",21,1,4,4
"231","8yd2q366","T",1,25,75,50,40,30,2,100,1,3,"Sender_TomSam","TomSam",21,1,4,4
"232","8yd2q366","T",1,45,15,40,30,20,5,60,3,1,"Sender_TomSam","TomSam",21,1,4,4
"233","8yd2q366","T",1,50,50,50,50,40,3,100,1,1,"Sender_TomSam","TomSam",21,1,4,4
"234","8yd2q366","T",1,75,25,50,60,30,1,100,3,1,"Sender_TomSam","TomSam",21,1,4,4
"235","8yd2q366","T",1,30,30,30,30,30,6,60,1,1,"Sender_TomSam","TomSam",21,1,4,4
"237","9byr7gyu","S",1,30,70,40,50,50,6,100,1,1,"Sender_SamMos","SamMos",20,0,4,4
"238","9byr7gyu","S",1,0,0,10,50,50,1,100,1,3,"Sender_SamMos","SamMos",20,0,4,4
"239","9byr7gyu","S",1,30,30,1,50,50,5,60,1,3,"Sender_SamMos","SamMos",20,0,4,4
"240","9byr7gyu","S",1,15,45,20,30,50,3,60,1,1,"Sender_SamMos","SamMos",20,0,4,4
"241","9byr7gyu","S",1,22,38,30,0,50,2,60,3,1,"Sender_SamMos","SamMos",20,0,4,4
"242","9byr7gyu","S",1,10,90,40,0,50,4,100,3,1,"Sender_SamMos","SamMos",20,0,4,4
"243","9lg44jlb","M",2,20,40,20,0,10,1,60,3,1,"Receiver_MosMos","MosMos",NA,NA,NA,NA
"244","9lg44jlb","M",2,15,85,25,40,40,2,100,1,3,"Receiver_MosMos","MosMos",NA,NA,NA,NA
"245","9lg44jlb","M",2,30,30,30,10,20,3,60,1,1,"Receiver_MosMos","MosMos",NA,NA,NA,NA
"246","9lg44jlb","M",2,5,55,15,10,20,4,60,1,3,"Receiver_MosMos","MosMos",NA,NA,NA,NA
"247","9lg44jlb","M",2,20,80,50,10,30,5,100,1,1,"Receiver_MosMos","MosMos",NA,NA,NA,NA
"248","9lg44jlb","M",2,10,90,60,10,30,6,100,3,1,"Receiver_MosMos","MosMos",NA,NA,NA,NA
"251","9rby07ma","M",2,60,40,50,60,40,4,100,3,1,"Receiver_TomMos","TomMos",22,1,3,4
"252","9rby07ma","M",2,30,30,30,20,20,1,60,3,1,"Receiver_TomMos","TomMos",22,1,3,4
"253","9rby07ma","M",2,30,30,30,20,15,6,60,1,1,"Receiver_TomMos","TomMos",22,1,3,4
"254","9rby07ma","M",2,20,40,25,25,15,5,60,1,3,"Receiver_TomMos","TomMos",22,1,3,4
"255","9rby07ma","M",2,50,50,50,40,30,3,100,1,1,"Receiver_TomMos","TomMos",22,1,3,4
"256","9rby07ma","M",2,50,50,50,20,20,2,100,1,3,"Receiver_TomMos","TomMos",22,1,3,4
"260","a76bnsr7","M",1,20,40,20,30,30,1,60,1,1,"Sender_MosMos","MosMos",NA,NA,NA,NA
"261","a76bnsr7","M",1,10,50,15,10,10,2,60,1,3,"Sender_MosMos","MosMos",NA,NA,NA,NA
"262","a76bnsr7","M",1,35,65,45,40,30,3,100,1,1,"Sender_MosMos","MosMos",NA,NA,NA,NA
"263","a76bnsr7","M",1,20,80,25,20,10,4,100,1,3,"Sender_MosMos","MosMos",NA,NA,NA,NA
"264","a76bnsr7","M",1,45,55,50,50,30,5,100,3,1,"Sender_MosMos","MosMos",NA,NA,NA,NA
"265","a76bnsr7","M",1,20,40,30,40,30,6,60,3,1,"Sender_MosMos","MosMos",NA,NA,NA,NA
"268","an1uxlkb","T",1,45,15,20,30,25,5,60,3,1,"Sender_TomSam","TomSam",21,1,2,4
"269","an1uxlkb","T",1,50,50,50,60,50,3,100,1,1,"Sender_TomSam","TomSam",21,1,2,4
"270","an1uxlkb","T",1,30,30,30,33,30,6,60,1,1,"Sender_TomSam","TomSam",21,1,2,4
"271","an1uxlkb","T",1,15,45,20,40,40,4,60,1,3,"Sender_TomSam","TomSam",21,1,2,4
"272","an1uxlkb","T",1,30,70,50,30,30,2,100,1,3,"Sender_TomSam","TomSam",21,1,2,4
"273","an1uxlkb","T",1,60,40,60,50,30,1,100,3,1,"Sender_TomSam","TomSam",21,1,2,4
"274","asb8k0xi","M",2,40,20,40,0,10,1,60,3,1,"Receiver_MosMos","MosMos",NA,NA,NA,NA
"275","asb8k0xi","M",2,25,75,25,25,40,2,100,1,3,"Receiver_MosMos","MosMos",NA,NA,NA,NA
"276","asb8k0xi","M",2,30,30,30,20,30,3,60,1,1,"Receiver_MosMos","MosMos",NA,NA,NA,NA
"277","asb8k0xi","M",2,15,45,15,10,15,4,60,1,3,"Receiver_MosMos","MosMos",NA,NA,NA,NA
"278","asb8k0xi","M",2,50,50,50,30,20,5,100,1,1,"Receiver_MosMos","MosMos",NA,NA,NA,NA
"279","asb8k0xi","M",2,75,25,75,0,20,6,100,3,1,"Receiver_MosMos","MosMos",NA,NA,NA,NA
"282","ayrzr0vr","M",2,30,30,30,0,15,6,60,1,1,"Receiver_TomMos","TomMos",23,0,4,4
"283","ayrzr0vr","M",2,50,50,50,0,25,3,100,1,1,"Receiver_TomMos","TomMos",23,0,4,4
"284","ayrzr0vr","M",2,15,45,15,0,10,5,60,1,3,"Receiver_TomMos","TomMos",23,0,4,4
"285","ayrzr0vr","M",2,30,30,30,0,15,1,60,3,1,"Receiver_TomMos","TomMos",23,0,4,4
"286","ayrzr0vr","M",2,30,70,30,10,15,2,100,1,3,"Receiver_TomMos","TomMos",23,0,4,4
"287","ayrzr0vr","M",2,30,70,70,0,25,4,100,3,1,"Receiver_TomMos","TomMos",23,0,4,4
"288","b7qxkrww","M",2,0,60,30,20,20,1,60,1,1,"Receiver_MosMos","MosMos",NA,NA,NA,NA
"289","b7qxkrww","M",2,20,40,20,25,20,2,60,1,3,"Receiver_MosMos","MosMos",NA,NA,NA,NA
"290","b7qxkrww","M",2,50,50,50,40,35,3,100,1,1,"Receiver_MosMos","MosMos",NA,NA,NA,NA
"291","b7qxkrww","M",2,50,50,50,35,25,4,100,1,3,"Receiver_MosMos","MosMos",NA,NA,NA,NA
"292","b7qxkrww","M",2,80,20,40,50,45,5,100,3,1,"Receiver_MosMos","MosMos",NA,NA,NA,NA
"293","b7qxkrww","M",2,55,5,30,30,25,6,60,3,1,"Receiver_MosMos","MosMos",NA,NA,NA,NA
"294","ba8c9xfx","M",2,50,50,50,50,50,3,100,1,1,"Receiver_TomMos","TomMos",NA,NA,NA,NA
"295","ba8c9xfx","M",2,70,30,50,30,20,4,100,3,1,"Receiver_TomMos","TomMos",NA,NA,NA,NA
"296","ba8c9xfx","M",2,10,50,20,40,30,5,60,1,3,"Receiver_TomMos","TomMos",NA,NA,NA,NA
"297","ba8c9xfx","M",2,30,30,30,15,20,1,60,3,1,"Receiver_TomMos","TomMos",NA,NA,NA,NA
"298","ba8c9xfx","M",2,20,40,25,35,25,6,60,1,1,"Receiver_TomMos","TomMos",NA,NA,NA,NA
"299","ba8c9xfx","M",2,30,70,50,20,40,2,100,1,3,"Receiver_TomMos","TomMos",NA,NA,NA,NA
"300","bfbsse3i","M",2,12,48,20,0,0,1,60,3,1,"Receiver_MosMos","MosMos",NA,NA,NA,NA
"301","bfbsse3i","M",2,25,75,25,100,100,2,100,1,3,"Receiver_MosMos","MosMos",NA,NA,NA,NA
"302","bfbsse3i","M",2,30,30,30,30,30,3,60,1,1,"Receiver_MosMos","MosMos",NA,NA,NA,NA
"303","bfbsse3i","M",2,20,40,20,60,60,4,60,1,3,"Receiver_MosMos","MosMos",NA,NA,NA,NA
"304","bfbsse3i","M",2,35,65,50,50,50,5,100,1,1,"Receiver_MosMos","MosMos",NA,NA,NA,NA
"305","bfbsse3i","M",2,20,80,33,0,0,6,100,3,1,"Receiver_MosMos","MosMos",NA,NA,NA,NA
"307","bim20g50","M",2,30,30,30,30,20,1,60,3,1,"Receiver_MosMos","MosMos",NA,NA,NA,NA
"308","bim20g50","M",2,30,70,20,30,15,2,100,1,3,"Receiver_MosMos","MosMos",NA,NA,NA,NA
"309","bim20g50","M",2,30,30,30,30,20,3,60,1,1,"Receiver_MosMos","MosMos",NA,NA,NA,NA
"310","bim20g50","M",2,20,40,20,20,5,4,60,1,3,"Receiver_MosMos","MosMos",NA,NA,NA,NA
"311","bim20g50","M",2,30,70,50,50,30,5,100,1,1,"Receiver_MosMos","MosMos",NA,NA,NA,NA
"312","bim20g50","M",2,50,50,60,60,40,6,100,3,1,"Receiver_MosMos","MosMos",NA,NA,NA,NA
"313","bl5nlbbt","M",2,20,40,20,30,20,1,60,1,1,"Receiver_MosMos","MosMos",NA,NA,NA,NA
"314","bl5nlbbt","M",2,50,10,40,10,10,2,60,1,3,"Receiver_MosMos","MosMos",NA,NA,NA,NA
"315","bl5nlbbt","M",2,50,50,50,35,30,3,100,1,1,"Receiver_MosMos","MosMos",NA,NA,NA,NA
"316","bl5nlbbt","M",2,40,60,30,15,15,4,100,1,3,"Receiver_MosMos","MosMos",NA,NA,NA,NA
"317","bl5nlbbt","M",2,10,90,25,40,40,5,100,3,1,"Receiver_MosMos","MosMos",NA,NA,NA,NA
"318","bl5nlbbt","M",2,55,5,10,20,20,6,60,3,1,"Receiver_MosMos","MosMos",NA,NA,NA,NA
"320","bojcy10d","S",2,50,50,50,20,20,2,100,1,1,"Receiver_SamSam","SamSam",22,1,2,4
"321","bojcy10d","S",2,30,30,30,10,20,6,60,1,3,"Receiver_SamSam","SamSam",22,1,2,4
"322","bojcy10d","S",2,0,60,0,10,40,1,60,3,1,"Receiver_SamSam","SamSam",22,1,2,4
"323","bojcy10d","S",2,50,50,50,30,30,5,100,1,3,"Receiver_SamSam","SamSam",22,1,2,4
"324","bojcy10d","S",2,30,30,30,10,20,3,60,1,1,"Receiver_SamSam","SamSam",22,1,2,4
"325","bojcy10d","S",2,0,100,20,20,40,4,100,3,1,"Receiver_SamSam","SamSam",22,1,2,4
"326","by7cqlkg","T",2,20,80,20,30,10,1,100,1,3,"Receiver_TomTom","TomTom",NA,NA,NA,NA
"327","by7cqlkg","T",2,20,40,15,30,15,2,60,1,3,"Receiver_TomTom","TomTom",NA,NA,NA,NA
"328","by7cqlkg","T",2,20,40,25,50,20,3,60,3,1,"Receiver_TomTom","TomTom",NA,NA,NA,NA
"329","by7cqlkg","T",2,60,40,40,60,40,4,100,3,1,"Receiver_TomTom","TomTom",NA,NA,NA,NA
"330","by7cqlkg","T",2,30,30,20,30,20,5,60,1,1,"Receiver_TomTom","TomTom",NA,NA,NA,NA
"331","by7cqlkg","T",2,50,50,30,50,20,6,100,1,1,"Receiver_TomTom","TomTom",NA,NA,NA,NA
"333","cbrj9pyf","S",2,20,40,20,15,10,4,60,1,3,"Receiver_TomSam","TomSam",20,1,1,4
"334","cbrj9pyf","S",2,30,30,30,25,15,6,60,1,1,"Receiver_TomSam","TomSam",20,1,1,4
"335","cbrj9pyf","S",2,40,20,40,30,15,5,60,3,1,"Receiver_TomSam","TomSam",20,1,1,4
"336","cbrj9pyf","S",2,50,50,50,40,20,3,100,1,1,"Receiver_TomSam","TomSam",20,1,1,4
"337","cbrj9pyf","S",2,67,33,65,45,30,1,100,3,1,"Receiver_TomSam","TomSam",20,1,1,4
"338","cbrj9pyf","S",2,33,67,30,30,15,2,100,1,3,"Receiver_TomSam","TomSam",20,1,1,4
"339","cj3iry05","T",1,20,40,10,0,1,5,60,1,3,"Sender_TomMos","TomMos",NA,NA,NA,NA
"340","cj3iry05","T",1,30,30,25,0,3,1,60,3,1,"Sender_TomMos","TomMos",NA,NA,NA,NA
"341","cj3iry05","T",1,50,50,40,0,1,4,100,3,1,"Sender_TomMos","TomMos",NA,NA,NA,NA
"342","cj3iry05","T",1,30,30,20,0,1,6,60,1,1,"Sender_TomMos","TomMos",NA,NA,NA,NA
"343","cj3iry05","T",1,40,60,30,3,3,2,100,1,3,"Sender_TomMos","TomMos",NA,NA,NA,NA
"344","cj3iry05","T",1,45,55,30,0,1,3,100,1,1,"Sender_TomMos","TomMos",NA,NA,NA,NA
"345","cjf73n9a","T",1,5,95,3,30,30,3,100,1,1,"Sender_TomSam","TomSam",23,1,1,2
"346","cjf73n9a","T",1,15,45,9,60,30,4,60,1,3,"Sender_TomSam","TomSam",23,1,1,2
"347","cjf73n9a","T",1,30,70,10,50,50,1,100,3,1,"Sender_TomSam","TomSam",23,1,1,2
"348","cjf73n9a","T",1,20,40,10,30,35,6,60,1,1,"Sender_TomSam","TomSam",23,1,1,2
"349","cjf73n9a","T",1,5,55,2,25,20,5,60,3,1,"Sender_TomSam","TomSam",23,1,1,2
"350","cjf73n9a","T",1,5,95,5,40,30,2,100,1,3,"Sender_TomSam","TomSam",23,1,1,2
"351","cnk9lhft","T",1,10,90,50,50,35,1,100,1,3,"Sender_TomTom","TomTom",NA,NA,NA,NA
"352","cnk9lhft","T",1,15,45,20,30,20,2,60,1,3,"Sender_TomTom","TomTom",NA,NA,NA,NA
"353","cnk9lhft","T",1,15,45,20,15,10,3,60,3,1,"Sender_TomTom","TomTom",NA,NA,NA,NA
"354","cnk9lhft","T",1,40,60,60,30,25,4,100,3,1,"Sender_TomTom","TomTom",NA,NA,NA,NA
"355","cnk9lhft","T",1,30,30,30,30,15,5,60,1,1,"Sender_TomTom","TomTom",NA,NA,NA,NA
"356","cnk9lhft","T",1,40,60,50,50,35,6,100,1,1,"Sender_TomTom","TomTom",NA,NA,NA,NA
"357","csahx2u6","T",2,25,75,30,1,4,1,100,1,3,"Receiver_TomTom","TomTom",NA,NA,NA,NA
"358","csahx2u6","T",2,10,50,15,1,3,2,60,1,3,"Receiver_TomTom","TomTom",NA,NA,NA,NA
"359","csahx2u6","T",2,40,20,30,0,5,3,60,3,1,"Receiver_TomTom","TomTom",NA,NA,NA,NA
"360","csahx2u6","T",2,50,50,60,1,4,4,100,3,1,"Receiver_TomTom","TomTom",NA,NA,NA,NA
"361","csahx2u6","T",2,30,30,30,4,2,5,60,1,1,"Receiver_TomTom","TomTom",NA,NA,NA,NA
"362","csahx2u6","T",2,50,50,50,1,4,6,100,1,1,"Receiver_TomTom","TomTom",NA,NA,NA,NA
"363","cvh1koxp","S",2,45,15,45,20,20,5,60,3,1,"Receiver_TomSam","TomSam",20,1,2,4
"364","cvh1koxp","S",2,30,30,30,40,35,6,60,1,1,"Receiver_TomSam","TomSam",20,1,2,4
"365","cvh1koxp","S",2,50,50,50,55,50,3,100,1,1,"Receiver_TomSam","TomSam",20,1,2,4
"366","cvh1koxp","S",2,15,45,15,30,25,4,60,1,3,"Receiver_TomSam","TomSam",20,1,2,4
"367","cvh1koxp","S",2,25,75,25,60,55,2,100,1,3,"Receiver_TomSam","TomSam",20,1,2,4
"368","cvh1koxp","S",2,75,25,75,50,40,1,100,3,1,"Receiver_TomSam","TomSam",20,1,2,4
"371","d5c204b4","M",1,20,40,20,30,20,1,60,1,1,"Sender_MosMos","MosMos",NA,NA,NA,NA
"372","d5c204b4","M",1,50,10,40,10,10,2,60,1,3,"Sender_MosMos","MosMos",NA,NA,NA,NA
"373","d5c204b4","M",1,50,50,50,35,30,3,100,1,1,"Sender_MosMos","MosMos",NA,NA,NA,NA
"374","d5c204b4","M",1,40,60,30,15,15,4,100,1,3,"Sender_MosMos","MosMos",NA,NA,NA,NA
"375","d5c204b4","M",1,10,90,25,40,40,5,100,3,1,"Sender_MosMos","MosMos",NA,NA,NA,NA
"376","d5c204b4","M",1,55,5,10,20,20,6,60,3,1,"Sender_MosMos","MosMos",NA,NA,NA,NA
"378","d8pdaq24","S",2,5,55,2,25,20,5,60,3,1,"Receiver_TomSam","TomSam",20,1,4,4
"379","d8pdaq24","S",2,20,40,10,30,35,6,60,1,1,"Receiver_TomSam","TomSam",20,1,4,4
"380","d8pdaq24","S",2,5,95,3,30,30,3,100,1,1,"Receiver_TomSam","TomSam",20,1,4,4
"381","d8pdaq24","S",2,30,70,10,50,50,1,100,3,1,"Receiver_TomSam","TomSam",20,1,4,4
"382","d8pdaq24","S",2,5,95,5,40,30,2,100,1,3,"Receiver_TomSam","TomSam",20,1,4,4
"383","d8pdaq24","S",2,15,45,9,60,30,4,60,1,3,"Receiver_TomSam","TomSam",20,1,4,4
"384","ddjrcwxa","T",1,20,80,20,30,10,1,100,1,3,"Sender_TomTom","TomTom",NA,NA,NA,NA
"385","ddjrcwxa","T",1,20,40,15,30,15,2,60,1,3,"Sender_TomTom","TomTom",NA,NA,NA,NA
"386","ddjrcwxa","T",1,20,40,25,50,20,3,60,3,1,"Sender_TomTom","TomTom",NA,NA,NA,NA
"387","ddjrcwxa","T",1,60,40,40,60,40,4,100,3,1,"Sender_TomTom","TomTom",NA,NA,NA,NA
"388","ddjrcwxa","T",1,30,30,20,30,20,5,60,1,1,"Sender_TomTom","TomTom",NA,NA,NA,NA
"389","ddjrcwxa","T",1,50,50,30,50,20,6,100,1,1,"Sender_TomTom","TomTom",NA,NA,NA,NA
"390","di1v3fkg","M",2,25,35,20,5,0,1,60,1,1,"Receiver_MosMos","MosMos",NA,NA,NA,NA
"391","di1v3fkg","M",2,12,48,10,0,0,2,60,1,3,"Receiver_MosMos","MosMos",NA,NA,NA,NA
"392","di1v3fkg","M",2,41,59,40,0,0,3,100,1,1,"Receiver_MosMos","MosMos",NA,NA,NA,NA
"393","di1v3fkg","M",2,24,76,20,5,0,4,100,1,3,"Receiver_MosMos","MosMos",NA,NA,NA,NA
"394","di1v3fkg","M",2,73,27,70,0,0,5,100,3,1,"Receiver_MosMos","MosMos",NA,NA,NA,NA
"395","di1v3fkg","M",2,43,17,40,0,0,6,60,3,1,"Receiver_MosMos","MosMos",NA,NA,NA,NA
"396","di6xd5h8","T",2,10,90,50,50,35,1,100,1,3,"Receiver_TomTom","TomTom",NA,NA,NA,NA
"397","di6xd5h8","T",2,15,45,20,30,20,2,60,1,3,"Receiver_TomTom","TomTom",NA,NA,NA,NA
"398","di6xd5h8","T",2,15,45,20,15,10,3,60,3,1,"Receiver_TomTom","TomTom",NA,NA,NA,NA
"399","di6xd5h8","T",2,40,60,60,30,25,4,100,3,1,"Receiver_TomTom","TomTom",NA,NA,NA,NA
"400","di6xd5h8","T",2,30,30,30,30,15,5,60,1,1,"Receiver_TomTom","TomTom",NA,NA,NA,NA
"401","di6xd5h8","T",2,40,60,50,50,35,6,100,1,1,"Receiver_TomTom","TomTom",NA,NA,NA,NA
"402","dnfya5m5","T",1,25,75,20,50,1,1,100,1,3,"Sender_TomTom","TomTom",NA,NA,NA,NA
"403","dnfya5m5","T",1,15,45,11,10,11,2,60,1,3,"Sender_TomTom","TomTom",NA,NA,NA,NA
"404","dnfya5m5","T",1,40,20,40,30,30,3,60,3,1,"Sender_TomTom","TomTom",NA,NA,NA,NA
"405","dnfya5m5","T",1,65,35,50,50,75,4,100,3,1,"Sender_TomTom","TomTom",NA,NA,NA,NA
"406","dnfya5m5","T",1,30,30,20,10,59,5,60,1,1,"Sender_TomTom","TomTom",NA,NA,NA,NA
"407","dnfya5m5","T",1,50,50,40,20,80,6,100,1,1,"Sender_TomTom","TomTom",NA,NA,NA,NA
"408","dqxl9b2i","T",1,25,75,25,60,55,2,100,1,3,"Sender_TomSam","TomSam",20,1,4,4
"409","dqxl9b2i","T",1,75,25,75,50,40,1,100,3,1,"Sender_TomSam","TomSam",20,1,4,4
"410","dqxl9b2i","T",1,30,30,30,40,35,6,60,1,1,"Sender_TomSam","TomSam",20,1,4,4
"411","dqxl9b2i","T",1,15,45,15,30,25,4,60,1,3,"Sender_TomSam","TomSam",20,1,4,4
"412","dqxl9b2i","T",1,50,50,50,55,50,3,100,1,1,"Sender_TomSam","TomSam",20,1,4,4
"413","dqxl9b2i","T",1,45,15,45,20,20,5,60,3,1,"Sender_TomSam","TomSam",20,1,4,4
"414","eczqekhu","S",1,0,60,30,30,60,3,60,1,1,"Sender_SamMos","SamMos",21,0,1,5
"415","eczqekhu","S",1,20,40,40,0,30,2,60,3,1,"Sender_SamMos","SamMos",21,0,1,5
"416","eczqekhu","S",1,10,90,80,0,100,4,100,3,1,"Sender_SamMos","SamMos",21,0,1,5
"417","eczqekhu","S",1,20,80,60,10,50,1,100,1,3,"Sender_SamMos","SamMos",21,0,1,5
"418","eczqekhu","S",1,0,100,50,50,100,6,100,1,1,"Sender_SamMos","SamMos",21,0,1,5
"419","eczqekhu","S",1,0,60,30,0,60,5,60,1,3,"Sender_SamMos","SamMos",21,0,1,5
"420","ei2h65g2","M",1,20,40,20,0,10,1,60,3,1,"Sender_MosMos","MosMos",NA,NA,NA,NA
"421","ei2h65g2","M",1,15,85,25,40,40,2,100,1,3,"Sender_MosMos","MosMos",NA,NA,NA,NA
"422","ei2h65g2","M",1,30,30,30,10,20,3,60,1,1,"Sender_MosMos","MosMos",NA,NA,NA,NA
"423","ei2h65g2","M",1,5,55,15,10,20,4,60,1,3,"Sender_MosMos","MosMos",NA,NA,NA,NA
"424","ei2h65g2","M",1,20,80,50,10,30,5,100,1,1,"Sender_MosMos","MosMos",NA,NA,NA,NA
"425","ei2h65g2","M",1,10,90,60,10,30,6,100,3,1,"Sender_MosMos","MosMos",NA,NA,NA,NA
"426","eqkbsdj2","M",1,25,35,20,5,0,1,60,1,1,"Sender_MosMos","MosMos",NA,NA,NA,NA
"427","eqkbsdj2","M",1,12,48,10,0,0,2,60,1,3,"Sender_MosMos","MosMos",NA,NA,NA,NA
"428","eqkbsdj2","M",1,41,59,40,0,0,3,100,1,1,"Sender_MosMos","MosMos",NA,NA,NA,NA
"429","eqkbsdj2","M",1,24,76,20,5,0,4,100,1,3,"Sender_MosMos","MosMos",NA,NA,NA,NA
"430","eqkbsdj2","M",1,73,27,70,0,0,5,100,3,1,"Sender_MosMos","MosMos",NA,NA,NA,NA
"431","eqkbsdj2","M",1,43,17,40,0,0,6,60,3,1,"Sender_MosMos","MosMos",NA,NA,NA,NA
"433","esbwhuk8","M",1,30,30,15,30,25,1,60,1,1,"Sender_MosMos","MosMos",NA,NA,NA,NA
"434","esbwhuk8","M",1,15,45,10,20,13,2,60,1,3,"Sender_MosMos","MosMos",NA,NA,NA,NA
"435","esbwhuk8","M",1,40,60,30,45,40,3,100,1,1,"Sender_MosMos","MosMos",NA,NA,NA,NA
"436","esbwhuk8","M",1,25,75,15,25,20,4,100,1,3,"Sender_MosMos","MosMos",NA,NA,NA,NA
"437","esbwhuk8","M",1,75,25,50,75,60,5,100,3,1,"Sender_MosMos","MosMos",NA,NA,NA,NA
"438","esbwhuk8","M",1,45,15,30,15,30,6,60,3,1,"Sender_MosMos","MosMos",NA,NA,NA,NA
"439","euscfqpe","T",1,0,100,0,40,30,3,100,1,1,"Sender_TomSam","TomSam",19,0,2,5
"440","euscfqpe","T",1,0,60,0,40,40,6,60,1,1,"Sender_TomSam","TomSam",19,0,2,5
"441","euscfqpe","T",1,30,30,0,20,20,4,60,1,3,"Sender_TomSam","TomSam",19,0,2,5
"442","euscfqpe","T",1,10,90,0,100,80,2,100,1,3,"Sender_TomSam","TomSam",19,0,2,5
"443","euscfqpe","T",1,0,60,0,30,30,5,60,3,1,"Sender_TomSam","TomSam",19,0,2,5
"444","euscfqpe","T",1,10,90,0,50,60,1,100,3,1,"Sender_TomSam","TomSam",19,0,2,5
"446","f2f5selb","T",1,0,60,15,30,30,5,60,3,1,"Sender_TomSam","TomSam",21,0,1,4
"447","f2f5selb","T",1,30,70,40,50,50,3,100,1,1,"Sender_TomSam","TomSam",21,0,1,4
"448","f2f5selb","T",1,0,60,10,30,30,4,60,1,3,"Sender_TomSam","TomSam",21,0,1,4
"449","f2f5selb","T",1,20,80,20,50,50,1,100,3,1,"Sender_TomSam","TomSam",21,0,1,4
"450","f2f5selb","T",1,0,100,10,50,50,2,100,1,3,"Sender_TomSam","TomSam",21,0,1,4
"451","f2f5selb","T",1,5,55,20,30,30,6,60,1,1,"Sender_TomSam","TomSam",21,0,1,4
"454","fb67wabb","S",1,30,30,15,10,45,2,60,3,1,"Sender_SamMos","SamMos",20,0,2,4
"455","fb67wabb","S",1,7,53,2,0,15,5,60,1,3,"Sender_SamMos","SamMos",20,0,2,4
"456","fb67wabb","S",1,0,0,10,5,25,1,100,1,3,"Sender_SamMos","SamMos",20,0,2,4
"457","fb67wabb","S",1,20,40,21,0,30,3,60,1,1,"Sender_SamMos","SamMos",20,0,2,4
"458","fb67wabb","S",1,5,95,5,15,75,4,100,3,1,"Sender_SamMos","SamMos",20,0,2,4
"459","fb67wabb","S",1,61,39,30,10,50,6,100,1,1,"Sender_SamMos","SamMos",20,0,2,4
"460","fh863ckg","S",2,0,100,0,40,30,3,100,1,1,"Receiver_TomSam","TomSam",19,1,2,3
"461","fh863ckg","S",2,0,60,0,30,30,5,60,3,1,"Receiver_TomSam","TomSam",19,1,2,3
"462","fh863ckg","S",2,10,90,0,50,60,1,100,3,1,"Receiver_TomSam","TomSam",19,1,2,3
"463","fh863ckg","S",2,30,30,0,20,20,4,60,1,3,"Receiver_TomSam","TomSam",19,1,2,3
"464","fh863ckg","S",2,0,60,0,40,40,6,60,1,1,"Receiver_TomSam","TomSam",19,1,2,3
"465","fh863ckg","S",2,10,90,0,100,80,2,100,1,3,"Receiver_TomSam","TomSam",19,1,2,3
"467","ftt9vsyq","M",2,45,55,30,0,1,3,100,1,1,"Receiver_TomMos","TomMos",NA,NA,NA,NA
"468","ftt9vsyq","M",2,30,30,25,0,3,1,60,3,1,"Receiver_TomMos","TomMos",NA,NA,NA,NA
"469","ftt9vsyq","M",2,50,50,40,0,1,4,100,3,1,"Receiver_TomMos","TomMos",NA,NA,NA,NA
"470","ftt9vsyq","M",2,40,60,30,3,3,2,100,1,3,"Receiver_TomMos","TomMos",NA,NA,NA,NA
"471","ftt9vsyq","M",2,30,30,20,0,1,6,60,1,1,"Receiver_TomMos","TomMos",NA,NA,NA,NA
"472","ftt9vsyq","M",2,20,40,10,0,1,5,60,1,3,"Receiver_TomMos","TomMos",NA,NA,NA,NA
"473","fw8ncar8","T",2,22,78,18,20,25,1,100,1,3,"Receiver_TomTom","TomTom",NA,NA,NA,NA
"474","fw8ncar8","T",2,15,45,12,13,15,2,60,1,3,"Receiver_TomTom","TomTom",NA,NA,NA,NA
"475","fw8ncar8","T",2,43,17,35,28,45,3,60,3,1,"Receiver_TomTom","TomTom",NA,NA,NA,NA
"476","fw8ncar8","T",2,70,30,72,50,75,4,100,3,1,"Receiver_TomTom","TomTom",NA,NA,NA,NA
"477","fw8ncar8","T",2,28,32,25,25,30,5,60,1,1,"Receiver_TomTom","TomTom",NA,NA,NA,NA
"478","fw8ncar8","T",2,43,57,45,45,50,6,100,1,1,"Receiver_TomTom","TomTom",NA,NA,NA,NA
"479","fy4fv5zx","M",1,0,60,30,7,30,1,60,1,1,"Sender_MosMos","MosMos",NA,NA,NA,NA
"480","fy4fv5zx","M",1,0,60,15,8,20,2,60,1,3,"Sender_MosMos","MosMos",NA,NA,NA,NA
"481","fy4fv5zx","M",1,0,100,50,15,35,3,100,1,1,"Sender_MosMos","MosMos",NA,NA,NA,NA
"482","fy4fv5zx","M",1,0,100,25,14,30,4,100,1,3,"Sender_MosMos","MosMos",NA,NA,NA,NA
"483","fy4fv5zx","M",1,0,100,75,5,23,5,100,3,1,"Sender_MosMos","MosMos",NA,NA,NA,NA
"484","fy4fv5zx","M",1,0,60,45,5,18,6,60,3,1,"Sender_MosMos","MosMos",NA,NA,NA,NA
"486","gh7gvy2d","M",2,25,35,20,10,30,1,60,1,1,"Receiver_MosMos","MosMos",NA,NA,NA,NA
"487","gh7gvy2d","M",2,30,30,10,0,5,2,60,1,3,"Receiver_MosMos","MosMos",NA,NA,NA,NA
"488","gh7gvy2d","M",2,35,65,30,69,47,3,100,1,1,"Receiver_MosMos","MosMos",NA,NA,NA,NA
"489","gh7gvy2d","M",2,50,50,20,0,40,4,100,1,3,"Receiver_MosMos","MosMos",NA,NA,NA,NA
"490","gh7gvy2d","M",2,60,40,40,0,4,5,100,3,1,"Receiver_MosMos","MosMos",NA,NA,NA,NA
"491","gh7gvy2d","M",2,25,35,30,0,5,6,60,3,1,"Receiver_MosMos","MosMos",NA,NA,NA,NA
"492","h13hc7dq","M",2,1,59,2,10,10,1,60,3,1,"Receiver_MosMos","MosMos",NA,NA,NA,NA
"493","h13hc7dq","M",2,0,100,1,45,35,2,100,1,3,"Receiver_MosMos","MosMos",NA,NA,NA,NA
"494","h13hc7dq","M",2,0,60,30,20,20,3,60,1,1,"Receiver_MosMos","MosMos",NA,NA,NA,NA
"495","h13hc7dq","M",2,0,60,1,20,10,4,60,1,3,"Receiver_MosMos","MosMos",NA,NA,NA,NA
"496","h13hc7dq","M",2,0,100,1,30,30,5,100,1,1,"Receiver_MosMos","MosMos",NA,NA,NA,NA
"497","h13hc7dq","M",2,1,99,2,25,25,6,100,3,1,"Receiver_MosMos","MosMos",NA,NA,NA,NA
"502","hiul1f4q","M",1,1,59,2,10,10,1,60,3,1,"Sender_MosMos","MosMos",NA,NA,NA,NA
"503","hiul1f4q","M",1,0,100,1,45,35,2,100,1,3,"Sender_MosMos","MosMos",NA,NA,NA,NA
"504","hiul1f4q","M",1,0,60,30,20,20,3,60,1,1,"Sender_MosMos","MosMos",NA,NA,NA,NA
"505","hiul1f4q","M",1,0,60,1,20,10,4,60,1,3,"Sender_MosMos","MosMos",NA,NA,NA,NA
"506","hiul1f4q","M",1,0,100,1,30,30,5,100,1,1,"Sender_MosMos","MosMos",NA,NA,NA,NA
"507","hiul1f4q","M",1,1,99,2,25,25,6,100,3,1,"Sender_MosMos","MosMos",NA,NA,NA,NA
"508","hokjvseg","S",2,30,30,30,30,30,3,60,1,1,"Receiver_SamSam","SamSam",20,0,2,4
"509","hokjvseg","S",2,50,50,50,50,45,2,100,1,1,"Receiver_SamSam","SamSam",20,0,2,4
"510","hokjvseg","S",2,17,43,20,15,15,1,60,3,1,"Receiver_SamSam","SamSam",20,0,2,4
"511","hokjvseg","S",2,60,40,70,75,65,4,100,3,1,"Receiver_SamSam","SamSam",20,0,2,4
"512","hokjvseg","S",2,30,70,25,30,20,5,100,1,3,"Receiver_SamSam","SamSam",20,0,2,4
"513","hokjvseg","S",2,15,45,20,15,15,6,60,1,3,"Receiver_SamSam","SamSam",20,0,2,4
"514","hoxcjbph","T",1,75,25,50,6,0,4,100,3,1,"Sender_TomMos","TomMos",20,0,2,4
"515","hoxcjbph","T",1,30,30,30,7,0,6,60,1,1,"Sender_TomMos","TomMos",20,0,2,4
"516","hoxcjbph","T",1,15,45,15,12,2,5,60,1,3,"Sender_TomMos","TomMos",20,0,2,4
"517","hoxcjbph","T",1,50,50,50,10,1,3,100,1,1,"Sender_TomMos","TomMos",20,0,2,4
"518","hoxcjbph","T",1,45,15,30,4,2,1,60,3,1,"Sender_TomMos","TomMos",20,0,2,4
"519","hoxcjbph","T",1,25,75,45,20,3,2,100,1,3,"Sender_TomMos","TomMos",20,0,2,4
"520","htvnvx5a","T",2,25,75,20,50,1,1,100,1,3,"Receiver_TomTom","TomTom",NA,NA,NA,NA
"521","htvnvx5a","T",2,15,45,11,10,11,2,60,1,3,"Receiver_TomTom","TomTom",NA,NA,NA,NA
"522","htvnvx5a","T",2,40,20,40,30,30,3,60,3,1,"Receiver_TomTom","TomTom",NA,NA,NA,NA
"523","htvnvx5a","T",2,65,35,50,50,75,4,100,3,1,"Receiver_TomTom","TomTom",NA,NA,NA,NA
"524","htvnvx5a","T",2,30,30,20,10,59,5,60,1,1,"Receiver_TomTom","TomTom",NA,NA,NA,NA
"525","htvnvx5a","T",2,50,50,40,20,80,6,100,1,1,"Receiver_TomTom","TomTom",NA,NA,NA,NA
"527","iyrokonc","S",2,0,60,45,10,20,5,60,3,1,"Receiver_TomSam","TomSam",18,0,2,4
"528","iyrokonc","S",2,0,60,15,40,20,4,60,1,3,"Receiver_TomSam","TomSam",18,0,2,4
"529","iyrokonc","S",2,2,58,50,30,20,6,60,1,1,"Receiver_TomSam","TomSam",18,0,2,4
"530","iyrokonc","S",2,0,100,50,10,20,3,100,1,1,"Receiver_TomSam","TomSam",18,0,2,4
"531","iyrokonc","S",2,0,100,75,40,30,1,100,3,1,"Receiver_TomSam","TomSam",18,0,2,4
"532","iyrokonc","S",2,0,100,25,50,50,2,100,1,3,"Receiver_TomSam","TomSam",18,0,2,4
"534","j49h2285","M",1,40,20,40,0,10,1,60,3,1,"Sender_MosMos","MosMos",NA,NA,NA,NA
"535","j49h2285","M",1,25,75,25,25,40,2,100,1,3,"Sender_MosMos","MosMos",NA,NA,NA,NA
"536","j49h2285","M",1,30,30,30,20,30,3,60,1,1,"Sender_MosMos","MosMos",NA,NA,NA,NA
"537","j49h2285","M",1,15,45,15,10,15,4,60,1,3,"Sender_MosMos","MosMos",NA,NA,NA,NA
"538","j49h2285","M",1,50,50,50,30,20,5,100,1,1,"Sender_MosMos","MosMos",NA,NA,NA,NA
"539","j49h2285","M",1,75,25,75,0,20,6,100,3,1,"Sender_MosMos","MosMos",NA,NA,NA,NA
"541","j5f0mz8h","S",2,50,50,50,75,50,3,100,1,1,"Receiver_TomSam","TomSam",21,0,2,4
"542","j5f0mz8h","S",2,30,30,30,30,25,6,60,1,1,"Receiver_TomSam","TomSam",21,0,2,4
"543","j5f0mz8h","S",2,25,75,25,60,30,2,100,1,3,"Receiver_TomSam","TomSam",21,0,2,4
"544","j5f0mz8h","S",2,75,25,75,50,25,1,100,3,1,"Receiver_TomSam","TomSam",21,0,2,4
"545","j5f0mz8h","S",2,45,15,15,9,5,5,60,3,1,"Receiver_TomSam","TomSam",21,0,2,4
"546","j5f0mz8h","S",2,15,45,15,30,15,4,60,1,3,"Receiver_TomSam","TomSam",21,0,2,4
"547","jf8svgy6","M",2,0,60,30,20,20,1,60,1,1,"Receiver_MosMos","MosMos",NA,NA,NA,NA
"548","jf8svgy6","M",2,0,60,10,10,10,2,60,1,3,"Receiver_MosMos","MosMos",NA,NA,NA,NA
"549","jf8svgy6","M",2,0,100,50,30,30,3,100,1,1,"Receiver_MosMos","MosMos",NA,NA,NA,NA
"550","jf8svgy6","M",2,0,100,20,20,25,4,100,1,3,"Receiver_MosMos","MosMos",NA,NA,NA,NA
"551","jf8svgy6","M",2,0,100,50,0,15,5,100,3,1,"Receiver_MosMos","MosMos",NA,NA,NA,NA
"552","jf8svgy6","M",2,0,60,30,0,10,6,60,3,1,"Receiver_MosMos","MosMos",NA,NA,NA,NA
"553","jluewg5h","S",1,15,45,15,20,20,5,60,1,3,"Sender_SamMos","SamMos",21,0,1,5
"554","jluewg5h","S",1,50,50,50,30,25,6,100,1,1,"Sender_SamMos","SamMos",21,0,1,5
"555","jluewg5h","S",1,0,0,16,50,35,1,100,1,3,"Sender_SamMos","SamMos",21,0,1,5
"556","jluewg5h","S",1,48,12,43,5,10,2,60,3,1,"Sender_SamMos","SamMos",21,0,1,5
"557","jluewg5h","S",1,30,30,30,15,20,3,60,1,1,"Sender_SamMos","SamMos",21,0,1,5
"558","jluewg5h","S",1,75,25,75,5,10,4,100,3,1,"Sender_SamMos","SamMos",21,0,1,5
"563","kcmpbasm","S",2,40,20,30,40,40,5,60,3,1,"Receiver_TomSam","TomSam",20,1,2,3
"564","kcmpbasm","S",2,30,30,30,30,30,6,60,1,1,"Receiver_TomSam","TomSam",20,1,2,3
"565","kcmpbasm","S",2,50,50,50,50,50,3,100,1,1,"Receiver_TomSam","TomSam",20,1,2,3
"566","kcmpbasm","S",2,50,50,40,25,75,1,100,3,1,"Receiver_TomSam","TomSam",20,1,2,3
"567","kcmpbasm","S",2,20,40,20,20,40,4,60,1,3,"Receiver_TomSam","TomSam",20,1,2,3
"568","kcmpbasm","S",2,40,60,40,20,50,2,100,1,3,"Receiver_TomSam","TomSam",20,1,2,3
"570","kfg9ql7c","T",1,75,25,75,50,25,1,100,3,1,"Sender_TomSam","TomSam",19,1,2,4
"571","kfg9ql7c","T",1,30,30,30,30,25,6,60,1,1,"Sender_TomSam","TomSam",19,1,2,4
"572","kfg9ql7c","T",1,15,45,15,30,15,4,60,1,3,"Sender_TomSam","TomSam",19,1,2,4
"573","kfg9ql7c","T",1,45,15,15,9,5,5,60,3,1,"Sender_TomSam","TomSam",19,1,2,4
"574","kfg9ql7c","T",1,25,75,25,60,30,2,100,1,3,"Sender_TomSam","TomSam",19,1,2,4
"575","kfg9ql7c","T",1,50,50,50,75,50,3,100,1,1,"Sender_TomSam","TomSam",19,1,2,4
"576","knfpheje","M",2,30,30,30,20,30,3,60,1,1,"Receiver_SamMos","SamMos",21,1,2,5
"577","knfpheje","M",2,60,40,55,40,50,6,100,1,1,"Receiver_SamMos","SamMos",21,1,2,5
"578","knfpheje","M",2,40,20,20,10,15,2,60,3,1,"Receiver_SamMos","SamMos",21,1,2,5
"579","knfpheje","M",2,0,0,40,60,70,1,100,1,3,"Receiver_SamMos","SamMos",21,1,2,5
"580","knfpheje","M",2,20,40,18,35,45,5,60,1,3,"Receiver_SamMos","SamMos",21,1,2,5
"581","knfpheje","M",2,70,30,80,20,25,4,100,3,1,"Receiver_SamMos","SamMos",21,1,2,5
"582","krmvkhzx","M",1,30,30,40,45,40,1,60,3,1,"Sender_MosMos","MosMos",NA,NA,NA,NA
"583","krmvkhzx","M",1,30,70,100,25,24,2,100,1,3,"Sender_MosMos","MosMos",NA,NA,NA,NA
"584","krmvkhzx","M",1,35,25,30,25,28,3,60,1,1,"Sender_MosMos","MosMos",NA,NA,NA,NA
"585","krmvkhzx","M",1,20,40,30,10,15,4,60,1,3,"Sender_MosMos","MosMos",NA,NA,NA,NA
"586","krmvkhzx","M",1,50,50,50,10,40,5,100,1,1,"Sender_MosMos","MosMos",NA,NA,NA,NA
"587","krmvkhzx","M",1,60,40,60,50,70,6,100,3,1,"Sender_MosMos","MosMos",NA,NA,NA,NA
"590","kyucyx39","M",2,20,40,20,30,30,1,60,1,1,"Receiver_MosMos","MosMos",NA,NA,NA,NA
"591","kyucyx39","M",2,10,50,15,10,10,2,60,1,3,"Receiver_MosMos","MosMos",NA,NA,NA,NA
"592","kyucyx39","M",2,35,65,45,40,30,3,100,1,1,"Receiver_MosMos","MosMos",NA,NA,NA,NA
"593","kyucyx39","M",2,20,80,25,20,10,4,100,1,3,"Receiver_MosMos","MosMos",NA,NA,NA,NA
"594","kyucyx39","M",2,45,55,50,50,30,5,100,3,1,"Receiver_MosMos","MosMos",NA,NA,NA,NA
"595","kyucyx39","M",2,20,40,30,40,30,6,60,3,1,"Receiver_MosMos","MosMos",NA,NA,NA,NA
"596","l0icwrfk","M",2,0,60,10,30,40,1,60,3,1,"Receiver_MosMos","MosMos",NA,NA,NA,NA
"597","l0icwrfk","M",2,0,100,10,15,15,2,100,1,3,"Receiver_MosMos","MosMos",NA,NA,NA,NA
"598","l0icwrfk","M",2,0,60,10,20,20,3,60,1,1,"Receiver_MosMos","MosMos",NA,NA,NA,NA
"599","l0icwrfk","M",2,0,60,10,10,10,4,60,1,3,"Receiver_MosMos","MosMos",NA,NA,NA,NA
"600","l0icwrfk","M",2,0,100,25,30,30,5,100,1,1,"Receiver_MosMos","MosMos",NA,NA,NA,NA
"601","l0icwrfk","M",2,0,100,20,40,50,6,100,3,1,"Receiver_MosMos","MosMos",NA,NA,NA,NA
"602","l2s3twav","M",2,50,50,50,50,50,3,100,1,1,"Receiver_TomMos","TomMos",NA,NA,NA,NA
"603","l2s3twav","M",2,75,25,75,75,75,4,100,3,1,"Receiver_TomMos","TomMos",NA,NA,NA,NA
"604","l2s3twav","M",2,45,15,45,45,45,1,60,3,1,"Receiver_TomMos","TomMos",NA,NA,NA,NA
"605","l2s3twav","M",2,25,75,25,25,25,2,100,1,3,"Receiver_TomMos","TomMos",NA,NA,NA,NA
"606","l2s3twav","M",2,15,45,15,15,15,5,60,1,3,"Receiver_TomMos","TomMos",NA,NA,NA,NA
"607","l2s3twav","M",2,30,30,30,30,30,6,60,1,1,"Receiver_TomMos","TomMos",NA,NA,NA,NA
"609","l65da94s","S",1,20,40,20,0,45,2,60,3,1,"Sender_SamMos","SamMos",20,1,4,4
"610","l65da94s","S",1,15,45,20,20,15,5,60,1,3,"Sender_SamMos","SamMos",20,1,4,4
"611","l65da94s","S",1,30,30,30,30,30,3,60,1,1,"Sender_SamMos","SamMos",20,1,4,4
"612","l65da94s","S",1,40,60,20,25,10,1,100,1,3,"Sender_SamMos","SamMos",20,1,4,4
"613","l65da94s","S",1,50,50,50,30,50,6,100,1,1,"Sender_SamMos","SamMos",20,1,4,4
"614","l65da94s","S",1,25,75,75,75,50,4,100,3,1,"Sender_SamMos","SamMos",20,1,4,4
"615","ldi9rob4","M",2,50,50,50,0,10,3,100,1,1,"Receiver_TomMos","TomMos",NA,NA,NA,NA
"616","ldi9rob4","M",2,35,65,60,10,10,4,100,3,1,"Receiver_TomMos","TomMos",NA,NA,NA,NA
"617","ldi9rob4","M",2,30,30,30,0,30,1,60,3,1,"Receiver_TomMos","TomMos",NA,NA,NA,NA
"618","ldi9rob4","M",2,10,50,30,10,10,6,60,1,1,"Receiver_TomMos","TomMos",NA,NA,NA,NA
"619","ldi9rob4","M",2,15,45,30,10,10,5,60,1,3,"Receiver_TomMos","TomMos",NA,NA,NA,NA
"620","ldi9rob4","M",2,30,70,30,0,10,2,100,1,3,"Receiver_TomMos","TomMos",NA,NA,NA,NA
"627","mrv76pyw","T",1,50,50,50,0,0,3,100,1,1,"Sender_TomMos","TomMos",NA,NA,NA,NA
"628","mrv76pyw","T",1,40,60,50,10,0,4,100,3,1,"Sender_TomMos","TomMos",NA,NA,NA,NA
"629","mrv76pyw","T",1,20,40,15,10,1,1,60,3,1,"Sender_TomMos","TomMos",NA,NA,NA,NA
"630","mrv76pyw","T",1,30,70,30,20,10,2,100,1,3,"Sender_TomMos","TomMos",NA,NA,NA,NA
"631","mrv76pyw","T",1,10,50,30,10,0,6,60,1,1,"Sender_TomMos","TomMos",NA,NA,NA,NA
"632","mrv76pyw","T",1,10,50,25,10,0,5,60,1,3,"Sender_TomMos","TomMos",NA,NA,NA,NA
"634","n9iz65w5","T",1,30,70,70,0,25,4,100,3,1,"Sender_TomMos","TomMos",22,1,4,4
"635","n9iz65w5","T",1,15,45,15,0,10,5,60,1,3,"Sender_TomMos","TomMos",22,1,4,4
"636","n9iz65w5","T",1,50,50,50,0,25,3,100,1,1,"Sender_TomMos","TomMos",22,1,4,4
"637","n9iz65w5","T",1,30,30,30,0,15,6,60,1,1,"Sender_TomMos","TomMos",22,1,4,4
"638","n9iz65w5","T",1,30,70,30,10,15,2,100,1,3,"Sender_TomMos","TomMos",22,1,4,4
"639","n9iz65w5","T",1,30,30,30,0,15,1,60,3,1,"Sender_TomMos","TomMos",22,1,4,4
"641","nggbtpuo","T",2,50,50,25,30,35,1,100,1,3,"Receiver_TomTom","TomTom",NA,NA,NA,NA
"642","nggbtpuo","T",2,30,30,15,20,20,2,60,1,3,"Receiver_TomTom","TomTom",NA,NA,NA,NA
"643","nggbtpuo","T",2,30,30,15,40,45,3,60,3,1,"Receiver_TomTom","TomTom",NA,NA,NA,NA
"644","nggbtpuo","T",2,50,50,25,45,50,4,100,3,1,"Receiver_TomTom","TomTom",NA,NA,NA,NA
"645","nggbtpuo","T",2,30,30,30,30,25,5,60,1,1,"Receiver_TomTom","TomTom",NA,NA,NA,NA
"646","nggbtpuo","T",2,50,50,50,45,45,6,100,1,1,"Receiver_TomTom","TomTom",NA,NA,NA,NA
"647","ngno36bb","M",2,20,40,21,0,30,3,60,1,1,"Receiver_SamMos","SamMos",18,1,3,3
"648","ngno36bb","M",2,0,0,10,5,25,1,100,1,3,"Receiver_SamMos","SamMos",18,1,3,3
"649","ngno36bb","M",2,61,39,30,10,50,6,100,1,1,"Receiver_SamMos","SamMos",18,1,3,3
"650","ngno36bb","M",2,5,95,5,15,75,4,100,3,1,"Receiver_SamMos","SamMos",18,1,3,3
"651","ngno36bb","M",2,30,30,15,10,45,2,60,3,1,"Receiver_SamMos","SamMos",18,1,3,3
"652","ngno36bb","M",2,7,53,2,0,15,5,60,1,3,"Receiver_SamMos","SamMos",18,1,3,3
"653","njsi2jqy","M",2,15,45,15,20,20,5,60,1,3,"Receiver_SamMos","SamMos",21,0,2,3
"654","njsi2jqy","M",2,30,30,30,15,20,3,60,1,1,"Receiver_SamMos","SamMos",21,0,2,3
"655","njsi2jqy","M",2,50,50,50,30,25,6,100,1,1,"Receiver_SamMos","SamMos",21,0,2,3
"656","njsi2jqy","M",2,48,12,43,5,10,2,60,3,1,"Receiver_SamMos","SamMos",21,0,2,3
"657","njsi2jqy","M",2,0,0,16,50,35,1,100,1,3,"Receiver_SamMos","SamMos",21,0,2,3
"658","njsi2jqy","M",2,75,25,75,5,10,4,100,3,1,"Receiver_SamMos","SamMos",21,0,2,3
"659","npa49lqy","S",2,0,100,50,75,70,4,100,3,1,"Receiver_SamSam","SamSam",22,1,3,2
"660","npa49lqy","S",2,0,60,30,15,10,6,60,1,3,"Receiver_SamSam","SamSam",22,1,3,2
"661","npa49lqy","S",2,0,60,30,30,25,3,60,1,1,"Receiver_SamSam","SamSam",22,1,3,2
"662","npa49lqy","S",2,0,60,30,45,30,1,60,3,1,"Receiver_SamSam","SamSam",22,1,3,2
"663","npa49lqy","S",2,0,100,50,25,20,5,100,1,3,"Receiver_SamSam","SamSam",22,1,3,2
"664","npa49lqy","S",2,0,100,50,50,40,2,100,1,1,"Receiver_SamSam","SamSam",22,1,3,2
"665","npdlguzf","M",2,0,60,30,0,1,1,60,3,1,"Receiver_MosMos","MosMos",NA,NA,NA,NA
"666","npdlguzf","M",2,0,100,20,0,1,2,100,1,3,"Receiver_MosMos","MosMos",NA,NA,NA,NA
"667","npdlguzf","M",2,0,60,20,0,1,3,60,1,1,"Receiver_MosMos","MosMos",NA,NA,NA,NA
"668","npdlguzf","M",2,0,60,10,0,1,4,60,1,3,"Receiver_MosMos","MosMos",NA,NA,NA,NA
"669","npdlguzf","M",2,0,100,20,0,1,5,100,1,1,"Receiver_MosMos","MosMos",NA,NA,NA,NA
"670","npdlguzf","M",2,0,100,50,0,1,6,100,3,1,"Receiver_MosMos","MosMos",NA,NA,NA,NA
"671","nvae8h4c","M",2,30,30,40,45,40,1,60,3,1,"Receiver_MosMos","MosMos",NA,NA,NA,NA
"672","nvae8h4c","M",2,30,70,100,25,24,2,100,1,3,"Receiver_MosMos","MosMos",NA,NA,NA,NA
"673","nvae8h4c","M",2,35,25,30,25,28,3,60,1,1,"Receiver_MosMos","MosMos",NA,NA,NA,NA
"674","nvae8h4c","M",2,20,40,30,10,15,4,60,1,3,"Receiver_MosMos","MosMos",NA,NA,NA,NA
"675","nvae8h4c","M",2,50,50,50,10,40,5,100,1,1,"Receiver_MosMos","MosMos",NA,NA,NA,NA
"676","nvae8h4c","M",2,60,40,60,50,70,6,100,3,1,"Receiver_MosMos","MosMos",NA,NA,NA,NA
"677","nye0yz1f","S",2,30,30,30,15,10,6,60,1,1,"Receiver_TomSam","TomSam",19,0,2,4
"678","nye0yz1f","S",2,10,50,40,30,20,5,60,3,1,"Receiver_TomSam","TomSam",19,0,2,4
"679","nye0yz1f","S",2,30,70,50,60,50,1,100,3,1,"Receiver_TomSam","TomSam",19,0,2,4
"680","nye0yz1f","S",2,25,35,14,10,8,4,60,1,3,"Receiver_TomSam","TomSam",19,0,2,4
"681","nye0yz1f","S",2,30,70,15,20,15,2,100,1,3,"Receiver_TomSam","TomSam",19,0,2,4
"682","nye0yz1f","S",2,50,50,50,40,25,3,100,1,1,"Receiver_TomSam","TomSam",19,0,2,4
"683","o76himv1","M",2,30,30,30,15,7,5,60,1,3,"Receiver_SamMos","SamMos",19,1,3,5
"684","o76himv1","M",2,50,50,50,50,33,6,100,1,1,"Receiver_SamMos","SamMos",19,1,3,5
"685","o76himv1","M",2,50,50,50,75,50,4,100,3,1,"Receiver_SamMos","SamMos",19,1,3,5
"686","o76himv1","M",2,30,30,30,30,20,3,60,1,1,"Receiver_SamMos","SamMos",19,1,3,5
"687","o76himv1","M",2,0,0,20,25,10,1,100,1,3,"Receiver_SamMos","SamMos",19,1,3,5
"688","o76himv1","M",2,30,30,30,45,21,2,60,3,1,"Receiver_SamMos","SamMos",19,1,3,5
"689","o775xwvi","M",2,30,30,15,30,25,1,60,1,1,"Receiver_MosMos","MosMos",NA,NA,NA,NA
"690","o775xwvi","M",2,15,45,10,20,13,2,60,1,3,"Receiver_MosMos","MosMos",NA,NA,NA,NA
"691","o775xwvi","M",2,40,60,30,45,40,3,100,1,1,"Receiver_MosMos","MosMos",NA,NA,NA,NA
"692","o775xwvi","M",2,25,75,15,25,20,4,100,1,3,"Receiver_MosMos","MosMos",NA,NA,NA,NA
"693","o775xwvi","M",2,75,25,50,75,60,5,100,3,1,"Receiver_MosMos","MosMos",NA,NA,NA,NA
"694","o775xwvi","M",2,45,15,30,15,30,6,60,3,1,"Receiver_MosMos","MosMos",NA,NA,NA,NA
"696","ob652wuy","T",1,30,30,30,15,10,6,60,1,1,"Sender_TomSam","TomSam",21,0,2,4
"697","ob652wuy","T",1,30,70,15,20,15,2,100,1,3,"Sender_TomSam","TomSam",21,0,2,4
"698","ob652wuy","T",1,25,35,14,10,8,4,60,1,3,"Sender_TomSam","TomSam",21,0,2,4
"699","ob652wuy","T",1,10,50,40,30,20,5,60,3,1,"Sender_TomSam","TomSam",21,0,2,4
"700","ob652wuy","T",1,50,50,50,40,25,3,100,1,1,"Sender_TomSam","TomSam",21,0,2,4
"701","ob652wuy","T",1,30,70,50,60,50,1,100,3,1,"Sender_TomSam","TomSam",21,0,2,4
"702","oiok5daa","S",1,0,0,20,25,10,1,100,1,3,"Sender_SamMos","SamMos",20,1,1,4
"703","oiok5daa","S",1,30,30,30,30,20,3,60,1,1,"Sender_SamMos","SamMos",20,1,1,4
"704","oiok5daa","S",1,30,30,30,15,7,5,60,1,3,"Sender_SamMos","SamMos",20,1,1,4
"705","oiok5daa","S",1,50,50,50,75,50,4,100,3,1,"Sender_SamMos","SamMos",20,1,1,4
"706","oiok5daa","S",1,50,50,50,50,33,6,100,1,1,"Sender_SamMos","SamMos",20,1,1,4
"707","oiok5daa","S",1,30,30,30,45,21,2,60,3,1,"Sender_SamMos","SamMos",20,1,1,4
"708","oipx6wzq","M",2,25,75,75,75,50,4,100,3,1,"Receiver_SamMos","SamMos",20,0,2,3
"709","oipx6wzq","M",2,15,45,20,20,15,5,60,1,3,"Receiver_SamMos","SamMos",20,0,2,3
"710","oipx6wzq","M",2,20,40,20,0,45,2,60,3,1,"Receiver_SamMos","SamMos",20,0,2,3
"711","oipx6wzq","M",2,30,30,30,30,30,3,60,1,1,"Receiver_SamMos","SamMos",20,0,2,3
"712","oipx6wzq","M",2,40,60,20,25,10,1,100,1,3,"Receiver_SamMos","SamMos",20,0,2,3
"713","oipx6wzq","M",2,50,50,50,30,50,6,100,1,1,"Receiver_SamMos","SamMos",20,0,2,3
"714","ozekfhnd","S",1,45,15,30,30,20,1,60,3,1,"Sender_SamSam","SamSam",21,1,4,4
"715","ozekfhnd","S",1,40,20,20,25,20,3,60,1,1,"Sender_SamSam","SamSam",21,1,4,4
"716","ozekfhnd","S",1,15,45,30,18,20,6,60,1,3,"Sender_SamSam","SamSam",21,1,4,4
"717","ozekfhnd","S",1,30,70,40,40,25,5,100,1,3,"Sender_SamSam","SamSam",21,1,4,4
"718","ozekfhnd","S",1,75,25,50,70,45,4,100,3,1,"Sender_SamSam","SamSam",21,1,4,4
"719","ozekfhnd","S",1,60,40,60,45,30,2,100,1,1,"Sender_SamSam","SamSam",21,1,4,4
"720","pica4s6e","M",2,1,59,25,15,30,1,60,3,1,"Receiver_MosMos","MosMos",NA,NA,NA,NA
"721","pica4s6e","M",2,2,98,15,25,20,2,100,1,3,"Receiver_MosMos","MosMos",NA,NA,NA,NA
"722","pica4s6e","M",2,1,59,30,30,30,3,60,1,1,"Receiver_MosMos","MosMos",NA,NA,NA,NA
"723","pica4s6e","M",2,0,60,15,15,10,4,60,1,3,"Receiver_MosMos","MosMos",NA,NA,NA,NA
"724","pica4s6e","M",2,1,99,50,40,35,5,100,1,1,"Receiver_MosMos","MosMos",NA,NA,NA,NA
"725","pica4s6e","M",2,5,95,70,70,65,6,100,3,1,"Receiver_MosMos","MosMos",NA,NA,NA,NA
"726","pipcuosf","M",2,75,25,75,43,40,4,100,3,1,"Receiver_TomMos","TomMos",NA,NA,NA,NA
"727","pipcuosf","M",2,50,50,50,30,25,3,100,1,1,"Receiver_TomMos","TomMos",NA,NA,NA,NA
"728","pipcuosf","M",2,15,45,15,11,9,5,60,1,3,"Receiver_TomMos","TomMos",NA,NA,NA,NA
"729","pipcuosf","M",2,30,30,30,19,18,6,60,1,1,"Receiver_TomMos","TomMos",NA,NA,NA,NA
"730","pipcuosf","M",2,45,15,45,30,30,1,60,3,1,"Receiver_TomMos","TomMos",NA,NA,NA,NA
"731","pipcuosf","M",2,25,75,25,15,20,2,100,1,3,"Receiver_TomMos","TomMos",NA,NA,NA,NA
"732","plkgopa6","M",2,15,45,15,15,15,5,60,1,3,"Receiver_SamMos","SamMos",21,0,1,5
"733","plkgopa6","M",2,30,30,30,30,30,3,60,1,1,"Receiver_SamMos","SamMos",21,0,1,5
"734","plkgopa6","M",2,50,50,50,40,40,6,100,1,1,"Receiver_SamMos","SamMos",21,0,1,5
"735","plkgopa6","M",2,0,0,25,20,20,1,100,1,3,"Receiver_SamMos","SamMos",21,0,1,5
"736","plkgopa6","M",2,45,15,45,30,30,2,60,3,1,"Receiver_SamMos","SamMos",21,0,1,5
"737","plkgopa6","M",2,75,25,75,60,40,4,100,3,1,"Receiver_SamMos","SamMos",21,0,1,5
"740","pxoi6w39","S",2,30,30,30,30,30,6,60,1,1,"Receiver_TomSam","TomSam",18,0,3,2
"741","pxoi6w39","S",2,40,20,40,40,40,5,60,3,1,"Receiver_TomSam","TomSam",18,0,3,2
"742","pxoi6w39","S",2,10,50,20,30,20,4,60,1,3,"Receiver_TomSam","TomSam",18,0,3,2
"743","pxoi6w39","S",2,40,60,50,20,20,3,100,1,1,"Receiver_TomSam","TomSam",18,0,3,2
"744","pxoi6w39","S",2,60,40,50,50,30,1,100,3,1,"Receiver_TomSam","TomSam",18,0,3,2
"745","pxoi6w39","S",2,20,80,30,40,40,2,100,1,3,"Receiver_TomSam","TomSam",18,0,3,2
"746","q18wbdf3","M",2,30,30,27,0,0,1,60,1,1,"Receiver_MosMos","MosMos",NA,NA,NA,NA
"747","q18wbdf3","M",2,16,44,15,0,0,2,60,1,3,"Receiver_MosMos","MosMos",NA,NA,NA,NA
"748","q18wbdf3","M",2,50,50,45,50,0,3,100,1,1,"Receiver_MosMos","MosMos",NA,NA,NA,NA
"749","q18wbdf3","M",2,25,75,20,50,0,4,100,1,3,"Receiver_MosMos","MosMos",NA,NA,NA,NA
"750","q18wbdf3","M",2,75,25,68,0,0,5,100,3,1,"Receiver_MosMos","MosMos",NA,NA,NA,NA
"751","q18wbdf3","M",2,45,15,40,50,0,6,60,3,1,"Receiver_MosMos","MosMos",NA,NA,NA,NA
"753","qgo6hdiu","M",1,0,60,30,20,20,1,60,1,1,"Sender_MosMos","MosMos",NA,NA,NA,NA
"754","qgo6hdiu","M",1,20,40,20,25,20,2,60,1,3,"Sender_MosMos","MosMos",NA,NA,NA,NA
"755","qgo6hdiu","M",1,50,50,50,40,35,3,100,1,1,"Sender_MosMos","MosMos",NA,NA,NA,NA
"756","qgo6hdiu","M",1,50,50,50,35,25,4,100,1,3,"Sender_MosMos","MosMos",NA,NA,NA,NA
"757","qgo6hdiu","M",1,80,20,40,50,45,5,100,3,1,"Sender_MosMos","MosMos",NA,NA,NA,NA
"758","qgo6hdiu","M",1,55,5,30,30,25,6,60,3,1,"Sender_MosMos","MosMos",NA,NA,NA,NA
"759","qhxnonvt","T",1,40,20,40,30,15,5,60,3,1,"Sender_TomSam","TomSam",21,1,2,4
"760","qhxnonvt","T",1,67,33,65,45,30,1,100,3,1,"Sender_TomSam","TomSam",21,1,2,4
"761","qhxnonvt","T",1,30,30,30,25,15,6,60,1,1,"Sender_TomSam","TomSam",21,1,2,4
"762","qhxnonvt","T",1,50,50,50,40,20,3,100,1,1,"Sender_TomSam","TomSam",21,1,2,4
"763","qhxnonvt","T",1,33,67,30,30,15,2,100,1,3,"Sender_TomSam","TomSam",21,1,2,4
"764","qhxnonvt","T",1,20,40,20,15,10,4,60,1,3,"Sender_TomSam","TomSam",21,1,2,4
"765","qlyperll","M",2,50,50,50,50,50,3,100,1,1,"Receiver_TomMos","TomMos",NA,NA,NA,NA
"766","qlyperll","M",2,75,25,75,75,75,4,100,3,1,"Receiver_TomMos","TomMos",NA,NA,NA,NA
"767","qlyperll","M",2,40,20,45,45,30,1,60,3,1,"Receiver_TomMos","TomMos",NA,NA,NA,NA
"768","qlyperll","M",2,25,75,25,25,20,2,100,1,3,"Receiver_TomMos","TomMos",NA,NA,NA,NA
"769","qlyperll","M",2,15,45,15,15,15,5,60,1,3,"Receiver_TomMos","TomMos",NA,NA,NA,NA
"770","qlyperll","M",2,30,30,30,30,30,6,60,1,1,"Receiver_TomMos","TomMos",NA,NA,NA,NA
"771","qmgjtqn6","S",2,20,80,20,50,50,1,100,3,1,"Receiver_TomSam","TomSam",18,0,3,4
"772","qmgjtqn6","S",2,0,100,10,50,50,2,100,1,3,"Receiver_TomSam","TomSam",18,0,3,4
"773","qmgjtqn6","S",2,0,60,15,30,30,5,60,3,1,"Receiver_TomSam","TomSam",18,0,3,4
"774","qmgjtqn6","S",2,5,55,20,30,30,6,60,1,1,"Receiver_TomSam","TomSam",18,0,3,4
"775","qmgjtqn6","S",2,0,60,10,30,30,4,60,1,3,"Receiver_TomSam","TomSam",18,0,3,4
"776","qmgjtqn6","S",2,30,70,40,50,50,3,100,1,1,"Receiver_TomSam","TomSam",18,0,3,4
"782","s3k7jt7m","S",2,0,60,30,30,27,6,60,1,1,"Receiver_TomSam","TomSam",21,1,4,2
"783","s3k7jt7m","S",2,0,60,30,40,47,5,60,3,1,"Receiver_TomSam","TomSam",21,1,4,2
"784","s3k7jt7m","S",2,0,100,50,45,50,3,100,1,1,"Receiver_TomSam","TomSam",21,1,4,2
"785","s3k7jt7m","S",2,0,100,25,30,27,2,100,1,3,"Receiver_TomSam","TomSam",21,1,4,2
"786","s3k7jt7m","S",2,0,60,50,10,15,4,60,1,3,"Receiver_TomSam","TomSam",21,1,4,2
"787","s3k7jt7m","S",2,0,100,50,70,75,1,100,3,1,"Receiver_TomSam","TomSam",21,1,4,2
"788","s69abhxh","T",1,30,30,30,60,60,6,60,1,1,"Sender_TomSam","TomSam",19,1,4,4
"789","s69abhxh","T",1,50,10,45,60,60,5,60,3,1,"Sender_TomSam","TomSam",19,1,4,4
"790","s69abhxh","T",1,15,45,15,60,60,4,60,1,3,"Sender_TomSam","TomSam",19,1,4,4
"791","s69abhxh","T",1,50,50,50,80,80,3,100,1,1,"Sender_TomSam","TomSam",19,1,4,4
"792","s69abhxh","T",1,50,50,75,50,50,1,100,3,1,"Sender_TomSam","TomSam",19,1,4,4
"793","s69abhxh","T",1,25,75,25,50,50,2,100,1,3,"Sender_TomSam","TomSam",19,1,4,4
"796","sj6hsn7c","M",2,50,50,80,0,10,4,100,3,1,"Receiver_TomMos","TomMos",NA,NA,NA,NA
"797","sj6hsn7c","M",2,50,50,70,0,25,3,100,1,1,"Receiver_TomMos","TomMos",NA,NA,NA,NA
"798","sj6hsn7c","M",2,35,65,50,0,20,2,100,1,3,"Receiver_TomMos","TomMos",NA,NA,NA,NA
"799","sj6hsn7c","M",2,30,30,40,0,10,1,60,3,1,"Receiver_TomMos","TomMos",NA,NA,NA,NA
"800","sj6hsn7c","M",2,20,40,30,0,10,5,60,1,3,"Receiver_TomMos","TomMos",NA,NA,NA,NA
"801","sj6hsn7c","M",2,50,10,50,0,10,6,60,1,1,"Receiver_TomMos","TomMos",NA,NA,NA,NA
"802","skphgwf9","S",1,0,0,40,66,33,1,100,1,3,"Sender_SamMos","SamMos",20,1,4,4
"803","skphgwf9","S",1,50,10,30,20,15,2,60,3,1,"Sender_SamMos","SamMos",20,1,4,4
"804","skphgwf9","S",1,50,50,50,50,40,6,100,1,1,"Sender_SamMos","SamMos",20,1,4,4
"805","skphgwf9","S",1,60,0,30,30,20,3,60,1,1,"Sender_SamMos","SamMos",20,1,4,4
"806","skphgwf9","S",1,40,20,60,40,30,5,60,1,3,"Sender_SamMos","SamMos",20,1,4,4
"807","skphgwf9","S",1,80,20,50,30,20,4,100,3,1,"Sender_SamMos","SamMos",20,1,4,4
"808","snsljw3f","M",2,30,30,1,50,50,5,60,1,3,"Receiver_SamMos","SamMos",20,0,2,4
"809","snsljw3f","M",2,15,45,20,30,50,3,60,1,1,"Receiver_SamMos","SamMos",20,0,2,4
"810","snsljw3f","M",2,30,70,40,50,50,6,100,1,1,"Receiver_SamMos","SamMos",20,0,2,4
"811","snsljw3f","M",2,22,38,30,0,50,2,60,3,1,"Receiver_SamMos","SamMos",20,0,2,4
"812","snsljw3f","M",2,10,90,40,0,50,4,100,3,1,"Receiver_SamMos","SamMos",20,0,2,4
"813","snsljw3f","M",2,0,0,10,50,50,1,100,1,3,"Receiver_SamMos","SamMos",20,0,2,4
"814","ssbbvfqe","M",1,0,60,10,30,40,1,60,3,1,"Sender_MosMos","MosMos",NA,NA,NA,NA
"815","ssbbvfqe","M",1,0,100,10,15,15,2,100,1,3,"Sender_MosMos","MosMos",NA,NA,NA,NA
"816","ssbbvfqe","M",1,0,60,10,20,20,3,60,1,1,"Sender_MosMos","MosMos",NA,NA,NA,NA
"817","ssbbvfqe","M",1,0,60,10,10,10,4,60,1,3,"Sender_MosMos","MosMos",NA,NA,NA,NA
"818","ssbbvfqe","M",1,0,100,25,30,30,5,100,1,1,"Sender_MosMos","MosMos",NA,NA,NA,NA
"819","ssbbvfqe","M",1,0,100,20,40,50,6,100,3,1,"Sender_MosMos","MosMos",NA,NA,NA,NA
"821","sunatphw","S",2,15,45,30,15,10,6,60,1,3,"Receiver_SamSam","SamSam",22,1,2,4
"822","sunatphw","S",2,45,15,30,25,30,1,60,3,1,"Receiver_SamSam","SamSam",22,1,2,4
"823","sunatphw","S",2,25,75,20,30,15,5,100,1,3,"Receiver_SamSam","SamSam",22,1,2,4
"824","sunatphw","S",2,30,30,20,20,20,3,60,1,1,"Receiver_SamSam","SamSam",22,1,2,4
"825","sunatphw","S",2,75,25,50,60,50,4,100,3,1,"Receiver_SamSam","SamSam",22,1,2,4
"826","sunatphw","S",2,50,50,50,50,35,2,100,1,1,"Receiver_SamSam","SamSam",22,1,2,4
"829","takjtc02","T",1,70,30,50,30,20,4,100,3,1,"Sender_TomMos","TomMos",NA,NA,NA,NA
"830","takjtc02","T",1,10,50,20,40,30,5,60,1,3,"Sender_TomMos","TomMos",NA,NA,NA,NA
"831","takjtc02","T",1,30,30,30,15,20,1,60,3,1,"Sender_TomMos","TomMos",NA,NA,NA,NA
"832","takjtc02","T",1,30,70,50,20,40,2,100,1,3,"Sender_TomMos","TomMos",NA,NA,NA,NA
"833","takjtc02","T",1,50,50,50,50,50,3,100,1,1,"Sender_TomMos","TomMos",NA,NA,NA,NA
"834","takjtc02","T",1,20,40,25,35,25,6,60,1,1,"Sender_TomMos","TomMos",NA,NA,NA,NA
"837","tk7kuvw6","T",1,0,60,20,45,30,5,60,3,1,"Sender_TomSam","TomSam",24,0,1,4
"838","tk7kuvw6","T",1,0,100,20,30,25,1,100,3,1,"Sender_TomSam","TomSam",24,0,1,4
"839","tk7kuvw6","T",1,0,100,20,50,30,3,100,1,1,"Sender_TomSam","TomSam",24,0,1,4
"840","tk7kuvw6","T",1,0,60,20,20,20,4,60,1,3,"Sender_TomSam","TomSam",24,0,1,4
"841","tk7kuvw6","T",1,0,60,20,30,30,6,60,1,1,"Sender_TomSam","TomSam",24,0,1,4
"842","tk7kuvw6","T",1,0,100,20,10,10,2,100,1,3,"Sender_TomSam","TomSam",24,0,1,4
"843","tm6adnr3","T",1,75,25,75,75,75,4,100,3,1,"Sender_TomMos","TomMos",NA,NA,NA,NA
"844","tm6adnr3","T",1,30,30,30,30,30,6,60,1,1,"Sender_TomMos","TomMos",NA,NA,NA,NA
"845","tm6adnr3","T",1,25,75,25,25,25,2,100,1,3,"Sender_TomMos","TomMos",NA,NA,NA,NA
"846","tm6adnr3","T",1,15,45,15,15,15,5,60,1,3,"Sender_TomMos","TomMos",NA,NA,NA,NA
"847","tm6adnr3","T",1,45,15,45,45,45,1,60,3,1,"Sender_TomMos","TomMos",NA,NA,NA,NA
"848","tm6adnr3","T",1,50,50,50,50,50,3,100,1,1,"Sender_TomMos","TomMos",NA,NA,NA,NA
"849","u92vuc3u","S",2,30,30,30,30,30,6,60,1,1,"Receiver_TomSam","TomSam",21,0,3,4
"850","u92vuc3u","S",2,75,25,50,60,30,1,100,3,1,"Receiver_TomSam","TomSam",21,0,3,4
"851","u92vuc3u","S",2,50,50,50,50,40,3,100,1,1,"Receiver_TomSam","TomSam",21,0,3,4
"852","u92vuc3u","S",2,45,15,40,30,20,5,60,3,1,"Receiver_TomSam","TomSam",21,0,3,4
"853","u92vuc3u","S",2,25,75,50,40,30,2,100,1,3,"Receiver_TomSam","TomSam",21,0,3,4
"854","u92vuc3u","S",2,15,45,15,30,20,4,60,1,3,"Receiver_TomSam","TomSam",21,0,3,4
"856","utghkpl3","T",1,60,40,40,24,50,4,100,3,1,"Sender_TomMos","TomMos",NA,NA,NA,NA
"857","utghkpl3","T",1,30,30,20,15,15,5,60,1,3,"Sender_TomMos","TomMos",NA,NA,NA,NA
"858","utghkpl3","T",1,40,20,20,30,30,1,60,3,1,"Sender_TomMos","TomMos",NA,NA,NA,NA
"859","utghkpl3","T",1,35,65,30,25,25,2,100,1,3,"Sender_TomMos","TomMos",NA,NA,NA,NA
"860","utghkpl3","T",1,30,30,20,20,20,6,60,1,1,"Sender_TomMos","TomMos",NA,NA,NA,NA
"861","utghkpl3","T",1,50,50,40,50,50,3,100,1,1,"Sender_TomMos","TomMos",NA,NA,NA,NA
"863","vdoaw3w0","T",1,30,30,30,30,30,6,60,1,1,"Sender_TomSam","TomSam",18,1,2,5
"864","vdoaw3w0","T",1,50,50,40,25,75,1,100,3,1,"Sender_TomSam","TomSam",18,1,2,5
"865","vdoaw3w0","T",1,50,50,50,50,50,3,100,1,1,"Sender_TomSam","TomSam",18,1,2,5
"866","vdoaw3w0","T",1,40,60,40,20,50,2,100,1,3,"Sender_TomSam","TomSam",18,1,2,5
"867","vdoaw3w0","T",1,20,40,20,20,40,4,60,1,3,"Sender_TomSam","TomSam",18,1,2,5
"868","vdoaw3w0","T",1,40,20,30,40,40,5,60,3,1,"Sender_TomSam","TomSam",18,1,2,5
"869","vihqo9j4","M",1,1,59,25,15,30,1,60,3,1,"Sender_MosMos","MosMos",NA,NA,NA,NA
"870","vihqo9j4","M",1,2,98,15,25,20,2,100,1,3,"Sender_MosMos","MosMos",NA,NA,NA,NA
"871","vihqo9j4","M",1,1,59,30,30,30,3,60,1,1,"Sender_MosMos","MosMos",NA,NA,NA,NA
"872","vihqo9j4","M",1,0,60,15,15,10,4,60,1,3,"Sender_MosMos","MosMos",NA,NA,NA,NA
"873","vihqo9j4","M",1,1,99,50,40,35,5,100,1,1,"Sender_MosMos","MosMos",NA,NA,NA,NA
"874","vihqo9j4","M",1,5,95,70,70,65,6,100,3,1,"Sender_MosMos","MosMos",NA,NA,NA,NA
"875","vnvr4fyu","S",2,60,40,60,45,30,2,100,1,1,"Receiver_SamSam","SamSam",21,1,4,4
"876","vnvr4fyu","S",2,30,70,40,40,25,5,100,1,3,"Receiver_SamSam","SamSam",21,1,4,4
"877","vnvr4fyu","S",2,40,20,20,25,20,3,60,1,1,"Receiver_SamSam","SamSam",21,1,4,4
"878","vnvr4fyu","S",2,15,45,30,18,20,6,60,1,3,"Receiver_SamSam","SamSam",21,1,4,4
"879","vnvr4fyu","S",2,45,15,30,30,20,1,60,3,1,"Receiver_SamSam","SamSam",21,1,4,4
"880","vnvr4fyu","S",2,75,25,50,70,45,4,100,3,1,"Receiver_SamSam","SamSam",21,1,4,4
"881","vr4i3gyo","M",2,50,50,50,0,0,3,100,1,1,"Receiver_TomMos","TomMos",NA,NA,NA,NA
"882","vr4i3gyo","M",2,40,60,50,10,0,4,100,3,1,"Receiver_TomMos","TomMos",NA,NA,NA,NA
"883","vr4i3gyo","M",2,20,40,15,10,1,1,60,3,1,"Receiver_TomMos","TomMos",NA,NA,NA,NA
"884","vr4i3gyo","M",2,30,70,30,20,10,2,100,1,3,"Receiver_TomMos","TomMos",NA,NA,NA,NA
"885","vr4i3gyo","M",2,10,50,25,10,0,5,60,1,3,"Receiver_TomMos","TomMos",NA,NA,NA,NA
"886","vr4i3gyo","M",2,10,50,30,10,0,6,60,1,1,"Receiver_TomMos","TomMos",NA,NA,NA,NA
"887","vscaptfj","T",1,15,45,15,11,9,5,60,1,3,"Sender_TomMos","TomMos",NA,NA,NA,NA
"888","vscaptfj","T",1,75,25,75,43,40,4,100,3,1,"Sender_TomMos","TomMos",NA,NA,NA,NA
"889","vscaptfj","T",1,25,75,25,15,20,2,100,1,3,"Sender_TomMos","TomMos",NA,NA,NA,NA
"890","vscaptfj","T",1,45,15,45,30,30,1,60,3,1,"Sender_TomMos","TomMos",NA,NA,NA,NA
"891","vscaptfj","T",1,50,50,50,30,25,3,100,1,1,"Sender_TomMos","TomMos",NA,NA,NA,NA
"892","vscaptfj","T",1,30,30,30,19,18,6,60,1,1,"Sender_TomMos","TomMos",NA,NA,NA,NA
"894","w7i4bewy","M",2,50,50,40,50,50,3,100,1,1,"Receiver_TomMos","TomMos",NA,NA,NA,NA
"895","w7i4bewy","M",2,40,20,20,30,30,1,60,3,1,"Receiver_TomMos","TomMos",NA,NA,NA,NA
"896","w7i4bewy","M",2,60,40,40,24,50,4,100,3,1,"Receiver_TomMos","TomMos",NA,NA,NA,NA
"897","w7i4bewy","M",2,30,30,20,15,15,5,60,1,3,"Receiver_TomMos","TomMos",NA,NA,NA,NA
"898","w7i4bewy","M",2,30,30,20,20,20,6,60,1,1,"Receiver_TomMos","TomMos",NA,NA,NA,NA
"899","w7i4bewy","M",2,35,65,30,25,25,2,100,1,3,"Receiver_TomMos","TomMos",NA,NA,NA,NA
"900","wapga0vt","M",1,30,30,30,30,20,1,60,3,1,"Sender_MosMos","MosMos",NA,NA,NA,NA
"901","wapga0vt","M",1,30,70,20,30,15,2,100,1,3,"Sender_MosMos","MosMos",NA,NA,NA,NA
"902","wapga0vt","M",1,30,30,30,30,20,3,60,1,1,"Sender_MosMos","MosMos",NA,NA,NA,NA
"903","wapga0vt","M",1,20,40,20,20,5,4,60,1,3,"Sender_MosMos","MosMos",NA,NA,NA,NA
"904","wapga0vt","M",1,30,70,50,50,30,5,100,1,1,"Sender_MosMos","MosMos",NA,NA,NA,NA
"905","wapga0vt","M",1,50,50,60,60,40,6,100,3,1,"Sender_MosMos","MosMos",NA,NA,NA,NA
"907","wfdywzur","T",1,45,15,30,20,20,5,60,3,1,"Sender_TomSam","TomSam",20,1,3,3
"908","wfdywzur","T",1,30,30,30,25,20,6,60,1,1,"Sender_TomSam","TomSam",20,1,3,3
"909","wfdywzur","T",1,15,45,15,30,35,4,60,1,3,"Sender_TomSam","TomSam",20,1,3,3
"910","wfdywzur","T",1,25,75,25,45,15,2,100,1,3,"Sender_TomSam","TomSam",20,1,3,3
"911","wfdywzur","T",1,75,25,75,45,30,1,100,3,1,"Sender_TomSam","TomSam",20,1,3,3
"912","wfdywzur","T",1,50,50,50,40,45,3,100,1,1,"Sender_TomSam","TomSam",20,1,3,3
"913","wkw13b3l","T",1,50,50,50,0,10,3,100,1,1,"Sender_TomMos","TomMos",23,1,4,4
"914","wkw13b3l","T",1,35,65,60,10,10,4,100,3,1,"Sender_TomMos","TomMos",23,1,4,4
"915","wkw13b3l","T",1,15,45,30,10,10,5,60,1,3,"Sender_TomMos","TomMos",23,1,4,4
"916","wkw13b3l","T",1,10,50,30,10,10,6,60,1,1,"Sender_TomMos","TomMos",23,1,4,4
"917","wkw13b3l","T",1,30,70,30,0,10,2,100,1,3,"Sender_TomMos","TomMos",23,1,4,4
"918","wkw13b3l","T",1,30,30,30,0,30,1,60,3,1,"Sender_TomMos","TomMos",23,1,4,4
"919","wpgcvhqg","T",1,40,60,35,50,40,3,100,1,1,"Sender_TomSam","TomSam",22,1,3,4
"920","wpgcvhqg","T",1,7,93,10,40,25,2,100,1,3,"Sender_TomSam","TomSam",22,1,3,4
"921","wpgcvhqg","T",1,30,30,30,40,30,5,60,3,1,"Sender_TomSam","TomSam",22,1,3,4
"922","wpgcvhqg","T",1,20,40,20,30,20,6,60,1,1,"Sender_TomSam","TomSam",22,1,3,4
"923","wpgcvhqg","T",1,25,35,20,15,10,4,60,1,3,"Sender_TomSam","TomSam",22,1,3,4
"924","wpgcvhqg","T",1,20,80,40,60,50,1,100,3,1,"Sender_TomSam","TomSam",22,1,3,4
"925","wqq687yv","M",1,12,48,20,0,0,1,60,3,1,"Sender_MosMos","MosMos",NA,NA,NA,NA
"926","wqq687yv","M",1,25,75,25,100,100,2,100,1,3,"Sender_MosMos","MosMos",NA,NA,NA,NA
"927","wqq687yv","M",1,30,30,30,30,30,3,60,1,1,"Sender_MosMos","MosMos",NA,NA,NA,NA
"928","wqq687yv","M",1,20,40,20,60,60,4,60,1,3,"Sender_MosMos","MosMos",NA,NA,NA,NA
"929","wqq687yv","M",1,35,65,50,50,50,5,100,1,1,"Sender_MosMos","MosMos",NA,NA,NA,NA
"930","wqq687yv","M",1,20,80,33,0,0,6,100,3,1,"Sender_MosMos","MosMos",NA,NA,NA,NA
"932","x9ezojj2","T",1,0,100,50,50,25,1,100,3,1,"Sender_TomSam","TomSam",19,1,3,4
"933","x9ezojj2","T",1,0,60,30,25,18,6,60,1,1,"Sender_TomSam","TomSam",19,1,3,4
"934","x9ezojj2","T",1,0,100,50,50,30,3,100,1,1,"Sender_TomSam","TomSam",19,1,3,4
"935","x9ezojj2","T",1,0,100,40,70,20,2,100,1,3,"Sender_TomSam","TomSam",19,1,3,4
"936","x9ezojj2","T",1,0,60,20,35,15,4,60,1,3,"Sender_TomSam","TomSam",19,1,3,4
"937","x9ezojj2","T",1,0,60,30,20,10,5,60,3,1,"Sender_TomSam","TomSam",19,1,3,4
"940","xv269wao","M",1,0,60,30,20,20,1,60,1,1,"Sender_MosMos","MosMos",NA,NA,NA,NA
"941","xv269wao","M",1,0,60,10,10,10,2,60,1,3,"Sender_MosMos","MosMos",NA,NA,NA,NA
"942","xv269wao","M",1,0,100,50,30,30,3,100,1,1,"Sender_MosMos","MosMos",NA,NA,NA,NA
"943","xv269wao","M",1,0,100,20,20,25,4,100,1,3,"Sender_MosMos","MosMos",NA,NA,NA,NA
"944","xv269wao","M",1,0,100,50,0,15,5,100,3,1,"Sender_MosMos","MosMos",NA,NA,NA,NA
"945","xv269wao","M",1,0,60,30,0,10,6,60,3,1,"Sender_MosMos","MosMos",NA,NA,NA,NA
"946","y0h7lxeb","S",1,0,60,0,10,40,1,60,3,1,"Sender_SamSam","SamSam",19,1,1,4
"947","y0h7lxeb","S",1,30,30,30,10,20,6,60,1,3,"Sender_SamSam","SamSam",19,1,1,4
"948","y0h7lxeb","S",1,0,100,20,20,40,4,100,3,1,"Sender_SamSam","SamSam",19,1,1,4
"949","y0h7lxeb","S",1,50,50,50,20,20,2,100,1,1,"Sender_SamSam","SamSam",19,1,1,4
"950","y0h7lxeb","S",1,50,50,50,30,30,5,100,1,3,"Sender_SamSam","SamSam",19,1,1,4
"951","y0h7lxeb","S",1,30,30,30,10,20,3,60,1,1,"Sender_SamSam","SamSam",19,1,1,4
"952","y66q564w","M",1,0,60,30,10,1,1,60,1,1,"Sender_MosMos","MosMos",NA,NA,NA,NA
"953","y66q564w","M",1,0,60,20,5,1,2,60,1,3,"Sender_MosMos","MosMos",NA,NA,NA,NA
"954","y66q564w","M",1,0,100,50,10,5,3,100,1,1,"Sender_MosMos","MosMos",NA,NA,NA,NA
"955","y66q564w","M",1,0,100,40,1,1,4,100,1,3,"Sender_MosMos","MosMos",NA,NA,NA,NA
"956","y66q564w","M",1,0,100,50,1,1,5,100,3,1,"Sender_MosMos","MosMos",NA,NA,NA,NA
"957","y66q564w","M",1,0,60,30,1,1,6,60,3,1,"Sender_MosMos","MosMos",NA,NA,NA,NA
"958","y89vdnu0","T",1,50,50,70,0,25,3,100,1,1,"Sender_TomMos","TomMos",NA,NA,NA,NA
"959","y89vdnu0","T",1,50,50,80,0,10,4,100,3,1,"Sender_TomMos","TomMos",NA,NA,NA,NA
"960","y89vdnu0","T",1,20,40,30,0,10,5,60,1,3,"Sender_TomMos","TomMos",NA,NA,NA,NA
"961","y89vdnu0","T",1,30,30,40,0,10,1,60,3,1,"Sender_TomMos","TomMos",NA,NA,NA,NA
"962","y89vdnu0","T",1,35,65,50,0,20,2,100,1,3,"Sender_TomMos","TomMos",NA,NA,NA,NA
"963","y89vdnu0","T",1,50,10,50,0,10,6,60,1,1,"Sender_TomMos","TomMos",NA,NA,NA,NA
"964","yeghfkxe","M",1,0,60,30,0,1,1,60,3,1,"Sender_MosMos","MosMos",NA,NA,NA,NA
"965","yeghfkxe","M",1,0,100,20,0,1,2,100,1,3,"Sender_MosMos","MosMos",NA,NA,NA,NA
"966","yeghfkxe","M",1,0,60,20,0,1,3,60,1,1,"Sender_MosMos","MosMos",NA,NA,NA,NA
"967","yeghfkxe","M",1,0,60,10,0,1,4,60,1,3,"Sender_MosMos","MosMos",NA,NA,NA,NA
"968","yeghfkxe","M",1,0,100,20,0,1,5,100,1,1,"Sender_MosMos","MosMos",NA,NA,NA,NA
"969","yeghfkxe","M",1,0,100,50,0,1,6,100,3,1,"Sender_MosMos","MosMos",NA,NA,NA,NA
"970","yhjbnift","S",1,60,40,70,75,65,4,100,3,1,"Sender_SamSam","SamSam",19,1,2,4
"971","yhjbnift","S",1,30,70,25,30,20,5,100,1,3,"Sender_SamSam","SamSam",19,1,2,4
"972","yhjbnift","S",1,15,45,20,15,15,6,60,1,3,"Sender_SamSam","SamSam",19,1,2,4
"973","yhjbnift","S",1,17,43,20,15,15,1,60,3,1,"Sender_SamSam","SamSam",19,1,2,4
"974","yhjbnift","S",1,50,50,50,50,45,2,100,1,1,"Sender_SamSam","SamSam",19,1,2,4
"975","yhjbnift","S",1,30,30,30,30,30,3,60,1,1,"Sender_SamSam","SamSam",19,1,2,4
"976","yi2dxwig","S",2,15,45,15,30,35,4,60,1,3,"Receiver_TomSam","TomSam",20,1,2,4
"977","yi2dxwig","S",2,25,75,25,45,15,2,100,1,3,"Receiver_TomSam","TomSam",20,1,2,4
"978","yi2dxwig","S",2,75,25,75,45,30,1,100,3,1,"Receiver_TomSam","TomSam",20,1,2,4
"979","yi2dxwig","S",2,30,30,30,25,20,6,60,1,1,"Receiver_TomSam","TomSam",20,1,2,4
"980","yi2dxwig","S",2,45,15,30,20,20,5,60,3,1,"Receiver_TomSam","TomSam",20,1,2,4
"981","yi2dxwig","S",2,50,50,50,40,45,3,100,1,1,"Receiver_TomSam","TomSam",20,1,2,4
"983","yq2wlifh","M",2,65,35,60,28,80,4,100,3,1,"Receiver_SamMos","SamMos",22,1,3,4
"984","yq2wlifh","M",2,17,43,20,0,45,2,60,3,1,"Receiver_SamMos","SamMos",22,1,3,4
"985","yq2wlifh","M",2,30,30,30,0,30,3,60,1,1,"Receiver_SamMos","SamMos",22,1,3,4
"986","yq2wlifh","M",2,9,51,7,0,15,5,60,1,3,"Receiver_SamMos","SamMos",22,1,3,4
"987","yq2wlifh","M",2,0,0,5,10,17,1,100,1,3,"Receiver_SamMos","SamMos",22,1,3,4
"988","yq2wlifh","M",2,48,52,40,0,50,6,100,1,1,"Receiver_SamMos","SamMos",22,1,3,4
"990","yv542acj","M",2,25,35,20,10,20,1,60,1,1,"Receiver_MosMos","MosMos",NA,NA,NA,NA
"991","yv542acj","M",2,15,45,10,20,30,2,60,1,3,"Receiver_MosMos","MosMos",NA,NA,NA,NA
"992","yv542acj","M",2,45,55,30,20,20,3,100,1,1,"Receiver_MosMos","MosMos",NA,NA,NA,NA
"993","yv542acj","M",2,25,75,15,25,50,4,100,1,3,"Receiver_MosMos","MosMos",NA,NA,NA,NA
"994","yv542acj","M",2,75,25,60,25,25,5,100,3,1,"Receiver_MosMos","MosMos",NA,NA,NA,NA
"995","yv542acj","M",2,15,45,30,20,20,6,60,3,1,"Receiver_MosMos","MosMos",NA,NA,NA,NA
"996","yvqskoi2","T",1,70,30,70,33,8,4,100,3,1,"Sender_TomMos","TomMos",NA,NA,NA,NA
"997","yvqskoi2","T",1,20,40,20,20,8,5,60,1,3,"Sender_TomMos","TomMos",NA,NA,NA,NA
"998","yvqskoi2","T",1,20,40,40,10,8,1,60,3,1,"Sender_TomMos","TomMos",NA,NA,NA,NA
"999","yvqskoi2","T",1,30,30,30,30,10,6,60,1,1,"Sender_TomMos","TomMos",NA,NA,NA,NA
"1000","yvqskoi2","T",1,30,70,30,20,10,2,100,1,3,"Sender_TomMos","TomMos",NA,NA,NA,NA
"1001","yvqskoi2","T",1,50,50,50,40,10,3,100,1,1,"Sender_TomMos","TomMos",NA,NA,NA,NA
"1003","z9gt50cf","T",1,0,60,45,10,20,5,60,3,1,"Sender_TomSam","TomSam",18,0,2,4
"1004","z9gt50cf","T",1,2,58,50,30,20,6,60,1,1,"Sender_TomSam","TomSam",18,0,2,4
"1005","z9gt50cf","T",1,0,60,15,40,20,4,60,1,3,"Sender_TomSam","TomSam",18,0,2,4
"1006","z9gt50cf","T",1,0,100,50,10,20,3,100,1,1,"Sender_TomSam","TomSam",18,0,2,4
"1007","z9gt50cf","T",1,0,100,25,50,50,2,100,1,3,"Sender_TomSam","TomSam",18,0,2,4
"1008","z9gt50cf","T",1,0,100,75,40,30,1,100,3,1,"Sender_TomSam","TomSam",18,0,2,4
"1009","zcoc1fqw","S",2,45,15,20,30,25,5,60,3,1,"Receiver_TomSam","TomSam",20,1,3,4
"1010","zcoc1fqw","S",2,50,50,50,60,50,3,100,1,1,"Receiver_TomSam","TomSam",20,1,3,4
"1011","zcoc1fqw","S",2,30,30,30,33,30,6,60,1,1,"Receiver_TomSam","TomSam",20,1,3,4
"1012","zcoc1fqw","S",2,15,45,20,40,40,4,60,1,3,"Receiver_TomSam","TomSam",20,1,3,4
"1013","zcoc1fqw","S",2,60,40,60,50,30,1,100,3,1,"Receiver_TomSam","TomSam",20,1,3,4
"1014","zcoc1fqw","S",2,30,70,50,30,30,2,100,1,3,"Receiver_TomSam","TomSam",20,1,3,4
"1016","zsy00a7b","M",1,25,35,20,10,20,1,60,1,1,"Sender_MosMos","MosMos",NA,NA,NA,NA
"1017","zsy00a7b","M",1,15,45,10,20,30,2,60,1,3,"Sender_MosMos","MosMos",NA,NA,NA,NA
"1018","zsy00a7b","M",1,45,55,30,20,20,3,100,1,1,"Sender_MosMos","MosMos",NA,NA,NA,NA
"1019","zsy00a7b","M",1,25,75,15,25,50,4,100,1,3,"Sender_MosMos","MosMos",NA,NA,NA,NA
"1020","zsy00a7b","M",1,75,25,60,25,25,5,100,3,1,"Sender_MosMos","MosMos",NA,NA,NA,NA
"1021","zsy00a7b","M",1,15,45,30,20,20,6,60,3,1,"Sender_MosMos","MosMos",NA,NA,NA,NA
